translation_x,translation_y,frame_numbers
2.0362512211849788e-10,5.946494662245076e-10,frame_000000
-1.4761727177340786e-10,0.0056089867113382,frame_000004
0.0037315506204277,0.0083967022015425,frame_000008
0.0111502709908944,0.0084638121179697,frame_000012
0.0185689911609883,0.0196817840496428,frame_000016
0.025987711195893,0.0308997560707437,frame_000020
0.0334951941285726,0.0420506181381004,frame_000024
0.048332634494996,0.047659603742858,frame_000028
0.059349761009736,0.0503802090196257,frame_000032
0.0669016257788096,0.0504808740994267,frame_000036
0.0817390666199765,0.0560898605366211,frame_000040
0.0927118117100922,0.058776911234652,frame_000044
0.1001305316603126,0.0587769113278654,frame_000048
0.1075492513952425,0.0587769114572434,frame_000052
0.1071498177579643,0.0587769114335674,frame_000056
0.0999530054768104,0.0589446863519885,frame_000060
0.0999530053506277,0.0645536720070014,frame_000064
0.0959995468274616,0.0701626578413451,frame_000068
0.0885808265563711,0.0757716438347084,frame_000072
0.0811621066592249,0.0813806298773217,frame_000076
0.0737433864521858,0.0839670152100789,frame_000080
0.0669460071514129,0.0842019001637052,frame_000084
0.0743647269835732,0.0898108854569404,frame_000088
0.0898678891347551,0.0893075598651077,frame_000092
0.1138993087644878,0.0826248132889153,frame_000096
0.1732490677094715,0.0545798831701436,frame_000100
0.2612050462446479,0.0172658222353354,frame_000104
0.3752818797775211,-0.0285120490297218,frame_000108
0.5384937177546081,-0.0902108878440822,frame_000112
0.726491461706177,-0.1706493152479222,frame_000116
0.9373223252677,-0.2670087099963197,frame_000120
1.1969775245944885,-0.3791883978570576,frame_000124
1.477509553961183,-0.5039953561804524,frame_000128
1.7771875344920416,-0.6400873850547305,frame_000132
2.118448658418078,-0.7971389092655217,frame_000136
2.480808523363091,-0.9637615410396416,frame_000140
2.8623587235861416,-1.1388479662096804,frame_000144
3.285225778127764,-1.3295533257231396,frame_000148
3.729413496832623,-1.5363783101282962,frame_000152
4.191682024439498,-1.7564371902526044,frame_000156
4.681317595751207,-1.9920143213993868,frame_000160
5.188187214479479,-2.24062134993063,frame_000164
5.708740361725332,-2.500043651782375,frame_000168
6.242888306279906,-2.7748835395933065,frame_000172
6.790094932735258,-3.05959649539458,frame_000176
7.347164771829128,-3.350759917792306,frame_000180
7.9109876221964734,-3.636817621624444,frame_000184
8.488002305481217,-3.939498232996758,frame_000188
9.076921758581376,-4.254674497486484,frame_000192
9.692675719185514,-4.579994882426653,frame_000196
10.330637989519367,-4.91538964722208,frame_000200
10.987258042801177,-5.259818594803697,frame_000204
11.677199317795452,-5.624401608818455,frame_000208
12.376112663531709,-5.999159639096874,frame_000212
13.082489117769272,-6.382381399428022,frame_000216
13.802105347194235,-6.780618019550285,frame_000220
14.535312877908588,-7.189130323259027,frame_000224
15.27887184781327,-7.607381441697733,frame_000228
16.035581802496218,-8.050489573125095,frame_000232
16.8060161703917,-8.503974013440194,frame_000236
17.58853284180894,-8.965922153734878,frame_000240
18.39717395934844,-9.442683764258325,frame_000244
19.2011958950738,-9.91246054945132,frame_000248
20.00521433630625,-10.378004032322243,frame_000252
20.82869297063401,-10.84354736672691,frame_000256
21.652171586965125,-11.31261649079131,frame_000260
22.47369740789564,-11.783030367029006,frame_000264
23.28233858674132,-12.24857335468877,frame_000268
24.09097983163157,-12.714116264251496,frame_000272
24.901662662398248,-13.180430861469183,frame_000276
25.72514137315976,-13.65158247390972,frame_000280
26.54862013506575,-14.12273399467849,frame_000284
27.376359568283146,-14.59388543818536,frame_000288
28.229513360962617,-15.065036727633576,frame_000292
29.082667090459243,-15.539814431850573,frame_000296
29.938039865434376,-16.016574403468216,frame_000300
30.806031030142652,-16.493334196560976,frame_000304
31.6837044799937,-16.96643377211326,frame_000308
32.56653325639168,-17.43583959181897,frame_000312
33.44936206583214,-17.89577220936744,frame_000316
34.32730538463533,-18.35939838104757,frame_000320
35.200318834540134,-18.82312777449926,frame_000324
36.060891411475474,-19.27745108261806,frame_000328
36.91160433623549,-19.724319859831944,frame_000332
37.75236880838739,-20.16366700963028,frame_000336
38.56842906925785,-20.58433639786178,frame_000340
39.37951517168267,-21.001244948371152,frame_000344
40.184295650448114,-21.414359127930474,frame_000348
40.97068124683209,-21.81820156549917,frame_000352
41.74201103553703,-22.2182496305616,frame_000356
42.50214618523068,-22.61346312906833,frame_000360
43.2440194926732,-22.994869658063585,frame_000364
43.97576680359409,-23.372448236749825,frame_000368
44.69592352707449,-23.74616533990385,frame_000372
45.38586577005298,-24.110744944181103,frame_000376
46.05537853807485,-24.46760166652849,frame_000380
46.7156459635663,-24.82096338548716,frame_000384
47.37591343547062,-25.174325040236063,frame_000388
48.02587747661917,-25.51210671103844,frame_000392
48.67130759106048,-25.83971066309015,frame_000396
49.316737528905975,-26.153809546914097,frame_000400
49.94657908513127,-26.460051340998497,frame_000404
50.56522599438485,-26.76065064266504,frame_000408
51.16614361107504,-27.052313765786792,frame_000412
51.75658020789867,-27.343976884301647,frame_000416
52.34266042133317,-27.633291155625365,frame_000420
52.92874064300131,-27.91373632846972,frame_000424
53.50953598260229,-28.190185820912184,frame_000428
54.08500203564018,-28.46502202142991,frame_000432
54.64882608064424,-28.73985819146073,frame_000436
55.21797954792755,-29.02678199559957,frame_000440
55.792506740355925,-29.319686452834517,frame_000444
56.37858715751983,-29.616958218266436,frame_000448
56.9700412440835,-29.918292669294352,frame_000452
57.56691340271524,-30.223723388269114,frame_000456
58.1752500841324,-30.537821737070946,frame_000460
58.79984102929022,-30.876497926500026,frame_000464
59.43216495346943,-31.230792894274003,frame_000468
60.07017685221911,-31.60658930559898,frame_000472
60.72457605462655,-31.998905056360503,frame_000476
61.38839463205854,-32.39847909850951,frame_000480
62.06350005863059,-32.8023196967042,frame_000484
62.744112378471655,-33.20616021509889,frame_000488
63.42845624530119,-33.61000064812353,frame_000492
64.11839909090868,-34.01384090371387,frame_000496
64.82499556633562,-34.417681007352776,frame_000500
65.53719466158982,-34.82152103648555,frame_000504
66.24939381825979,-35.22536099592689,frame_000508
66.97278411140418,-35.64189238464426,frame_000512
67.70172904645581,-36.06400165967657,frame_000516
68.43618415009912,-36.49027679131999,frame_000520
69.17627933536991,-36.91228776332517,frame_000524
69.92010609197247,-37.334430220978646,frame_000528
70.66939872854151,-37.760705025671136,frame_000532
71.41869125053462,-38.18697965406638,frame_000536
72.17597246197329,-38.61476412844851,frame_000540
72.95494002352055,-39.04664740678949,frame_000544
73.74536497549869,-39.48719285400578,frame_000548
74.54529458211817,-39.934924145061245,frame_000552
75.36135574627538,-40.39485145284854,frame_000556
76.20050943645832,-40.86787278466601,frame_000560
77.04833154108276,-41.34620354378671,frame_000564
77.90148635518982,-41.82856593633135,frame_000568
78.7720937242926,-42.3153264261018,frame_000572
79.6538959176971,-42.80168683613406,frame_000576
80.55156368562896,-43.28404890767703,frame_000580
81.44336909126102,-43.76641058715091,frame_000584
82.33796692249567,-44.24548374750148,frame_000588
83.24305287005608,-44.71662727126755,frame_000592
84.15995128346064,-45.17883975100344,frame_000596
85.08431283839427,-45.64044282609591,frame_000600
86.01907379022981,-46.10597693092996,frame_000604
86.9597854891885,-46.57600985152974,frame_000608
87.90196533463153,-47.04715263505925,frame_000612
88.84414523246785,-47.51829530245519,frame_000616
89.79232025912091,-47.993970332102194,frame_000620
90.7442269597338,-48.46897685715671,frame_000624
91.70124475097433,-48.94011925159925,frame_000628
92.67034137026934,-49.4112614199858,frame_000632
93.64454879054873,-49.88418179059622,frame_000636
94.62382251321152,-50.36093238226546,frame_000640
95.61526409814634,-50.85148170561973,frame_000644
96.60697897162878,-51.341434878326815,frame_000648
97.59367156229416,-51.82379394603976,frame_000652
98.58649255746198,-52.30151976106346,frame_000656
99.57328104826298,-52.77088774522548,frame_000660
100.54513597008464,-53.225201929554025,frame_000664
101.52316379136434,-53.6935162281677,frame_000668
102.50492336321388,-54.16089892306831,frame_000672
103.49161654054718,-54.6208218972992,frame_000676
104.47209259967671,-55.08544490101805,frame_000680
105.44883712032971,-55.5509764514284,frame_000684
106.42069276662924,-56.016507952351525,frame_000688
107.38628706633136,-56.47730548265845,frame_000692
108.35587229645446,-56.94112017329417,frame_000696
109.33514691337572,-57.412260208794834,frame_000700
110.32072743061757,-57.873865390499525,frame_000704
111.3048024414707,-58.3337874420945,frame_000708
112.28407709854709,-58.793709322630285,frame_000712
113.24430171098054,-59.24402940937272,frame_000716
114.20664602071628,-59.69273341645515,frame_000720
115.1785017630379,-60.14143710037865,frame_000724
116.15675239923428,-60.59497526613587,frame_000728
117.13332020610022,-61.04724101329769,frame_000732
118.10517672495811,-61.49594469547576,frame_000736
119.0577170972526,-61.93978051061033,frame_000740
119.9990626601807,-62.378714663229566,frame_000744
120.92640667457478,-62.81059163128008,frame_000748
121.81485139541417,-63.23266558886335,frame_000752
122.68649882358176,-63.64698323524792,frame_000756
123.53965543171614,-64.05081606157694,frame_000760
124.36017412312852,-64.4299733985253,frame_000764
125.15919475912575,-64.8014672915935,frame_000768
125.9307457580919,-65.16603865895924,frame_000772
126.6825809687375,-65.52067278519431,frame_000776
127.41745178877996,-65.86530245970071,frame_000780
128.12965275393705,-66.1962208049147,frame_000784
128.80877197708952,-66.51213265481155,frame_000788
129.46337520845273,-66.81515196007278,frame_000792
130.086551843703,-67.101200200735,frame_000796
130.6164777593652,-67.34192689610275,frame_000800
131.0941615911159,-67.56175927047663,frame_000804
131.50961272619614,-67.75806688701509,frame_000808
131.81778121337956,-67.8986122892959,frame_000812
132.0783163658627,-68.01953315674632,frame_000816
132.28604189612275,-68.1204913461647,frame_000820
132.43302252397396,-68.24186195387027,frame_000824
132.5402945983746,-68.38377875280634,frame_000828
132.59964631765794,-68.55204491053892,frame_000832
132.61144109271984,-68.76140319367852,frame_000836
132.60332869282126,-69.00037783735353,frame_000840
132.57365657178536,-69.27521352037701,frame_000844
132.48927896343676,-69.5965800399721,frame_000848
132.38135134783656,-69.94333775216195,frame_000852
132.24781817472274,-70.31913438450519,frame_000856
132.08675472152737,-70.73655988245639,frame_000860
131.9107651880228,-71.17655523545228,frame_000864
131.71788278394885,-71.64209443466177,frame_000868
131.49729290873157,-72.14953112375673,frame_000872
131.26825656383983,-72.67463863956378,frame_000876
131.03086246618415,-73.21870261401172,frame_000880
130.76558317809966,-73.79439109091135,frame_000884
130.49194637376235,-74.38949002352425,frame_000888
130.21004084051765,-75.0064700765768,frame_000892
129.91410434459627,-75.66058015094319,frame_000896
129.6073762893801,-76.33443886262336,frame_000900
129.28837806284983,-77.02994380369564,frame_000904
128.96232017072447,-77.75213797988759,frame_000908
128.62578495928227,-78.48588830866169,frame_000912
128.27711280732933,-79.23187384903115,frame_000916
127.9213363266228,-79.98860227162973,frame_000920
127.5584110895276,-80.75097329975559,frame_000924
127.1874833538653,-81.51939490390357,frame_000928
126.81655592700376,-82.29322161328024,frame_000932
126.43870514315684,-83.07248695163288,frame_000936
126.05294060325414,-83.85773575183376,frame_000940
125.66717636530852,-84.65386164255722,frame_000944
125.2743999992834,-85.45563013792277,frame_000948
124.8737986296724,-86.2633149847617,frame_000952
124.46595968752956,-87.07647201919754,frame_000956
124.05793987975474,-87.89513472315762,frame_000960
123.6499202476848,-88.71964659191524,frame_000964
123.23461867050598,-89.54966421048586,frame_000968
122.81558574352115,-90.38522112550194,frame_000972
122.39272921017412,-91.22656017219704,frame_000976
121.9625465251952,-92.08451682187342,frame_000980
121.53227167945492,-92.94543428421296,frame_000984
121.1019969399204,-93.8092092470216,frame_000988
120.65698071634804,-94.67855721346808,frame_000992
120.21555254581762,-95.55351146198664,frame_000996
119.77785958906384,-96.43411349260936,frame_001000
119.32533640706215,-97.32032210447872,frame_001004
118.87280639869688,-98.2093520759852,frame_001008
118.42027657134008,-99.10123431192868,frame_001012
117.96774704700846,-100.00427268472968,frame_001016
117.51144519889304,-100.91016331047123,frame_001020
117.0515824245267,-101.81893974133784,frame_001024
116.599053531283,-102.73880519865844,frame_001028
116.14652463470676,-103.6557850150832,frame_001032
115.69425500009828,-104.56857144709384,frame_001036
115.25656260484158,-105.39869469028508,frame_001040
114.83431408507558,-106.16459447034532,frame_001044
114.42699091127066,-106.86882181512826,frame_001048
114.04864500325472,-107.46897950487909,frame_001052
113.6742038803484,-108.0071285687045,frame_001056
113.3024015257376,-108.48619707799628,frame_001060
112.90179609381804,-108.85639035539111,frame_001064
112.48144003403831,-109.16984328194644,frame_001068
112.04216262492297,-109.42969318785644,frame_001072
111.55994799606044,-109.58674948334664,frame_001076
111.05776087283192,-109.68944779342615,frame_001080
110.5366080790672,-109.74206100279304,frame_001084
109.97278476426136,-109.71402484180926,frame_001088
109.38876716458826,-109.6432404714586,frame_001092
108.7846849807016,-109.5337565046722,frame_001096
108.11699717002372,-109.36549898412817,frame_001100
107.4207269982632,-109.16328451747349,frame_001104
106.69991912614566,-108.93153344992425,frame_001108
105.95804255125502,-108.66792537786478,frame_001112
105.19965587795238,-108.3918352151079,frame_001116
104.42722347465175,-108.10479319704446,frame_001120
103.64083410978807,-107.80192333811868,frame_001124
102.8461010433892,-107.49274539559224,frame_001128
102.04535897020487,-107.17829156393996,frame_001132
101.25155090526717,-106.85859511294376,frame_001136
100.44931030580813,-106.53571102501871,frame_001140
99.6401356324371,-106.2096057331132,frame_001144
98.82407117335104,-105.87308261555386,frame_001148
98.01226735218616,-105.53655936805696,frame_001152
97.20304818076578,-105.19960246880429,frame_001156
96.38698375908665,-104.85747027739708,frame_001160
95.56661432132596,-104.50882856451476,frame_001164
94.74374900564348,-104.15547864693838,frame_001168
93.92768462744183,-103.80212855541004,frame_001172
93.11162023881656,-103.44549006522938,frame_001176
92.2948936162313,-103.08603030082254,frame_001180
91.47141041356772,-102.72146223896031,frame_001184
90.64792720734256,-102.35357222525036,frame_001188
89.82444400267376,-101.9833951579174,frame_001192
89.00096083608179,-101.61321798846303,frame_001196
88.1730395242448,-101.23968538353428,frame_001200
87.3421376457788,-100.863331549648,frame_001204
86.5112357520673,-100.48193649000116,frame_001208
85.67585137157256,-100.10054144483668,frame_001212
84.83832619525963,-99.71854505339049,frame_001216
84.0074243596892,-99.33154089606984,frame_001220
83.17199562855423,-98.94453671909,frame_001224
82.33367510625109,-98.55689763466115,frame_001228
81.495354605879,-98.16428447106858,frame_001232
80.6570340507101,-97.77167113547848,frame_001236
79.81871348423965,-97.37905769958437,frame_001240
78.98039308651295,-96.98644431418474,frame_001244
78.14207268079375,-96.59383081232995,frame_001248
77.30468078266614,-96.20051522435055,frame_001252
76.47377912813431,-95.8022925928568,frame_001256
75.63821742297607,-95.40406992191186,frame_001260
74.79989705294741,-95.0058471937669,frame_001264
73.9615766277009,-94.60762424137847,frame_001268
73.12325626555236,-94.20940125808715,frame_001272
72.28595321780065,-93.81117822889108,frame_001276
71.45505166335852,-93.4129550230259,frame_001280
70.61465258085735,-93.01832226954106,frame_001284
69.76997540055424,-92.62410278857509,frame_001288
68.93165517665905,-92.2202705533193,frame_001292
68.08854170275546,-91.81643819931266,frame_001296
67.24280267133636,-91.41176952770836,frame_001300
66.3970635536583,-91.0023279468776,frame_001304
65.5513245614335,-90.5965438168546,frame_001308
64.70558562231133,-90.19097158641875,frame_001312
63.859846607810816,-89.77592093434842,frame_001316
63.01410768092834,-89.36456123587138,frame_001320
62.167173987875415,-88.95421607085937,frame_001324
61.31401629527192,-88.53916518736341,frame_001328
60.47071136612088,-88.12411415447406,frame_001332
59.62991285928129,-87.70812617796477,frame_001336
58.77675527188733,-87.287466223333,frame_001340
57.928568464770414,-86.8668061567116,frame_001344
57.0828296363286,-86.44614594500068,frame_001348
56.2370906301947,-86.02548530341019,frame_001352
55.391351633805165,-85.60482453838893,frame_001356
54.54694063647114,-85.18617169726716,frame_001360
53.708620659998495,-84.77672873445685,frame_001364
52.87536016621228,-84.36728556762118,frame_001368
52.04583119995198,-83.95680469367095,frame_001372
51.22234854802929,-83.54175214549895,frame_001376
50.39376217350285,-83.13055849628823,frame_001380
49.56427772035271,-82.72004389308493,frame_001384
48.74079525907676,-82.30499127031972,frame_001388
47.91216459752427,-81.88993866388883,frame_001392
47.08272458965767,-81.47599066262785,frame_001396
46.25924224845368,-81.06654670151534,frame_001400
45.43056730822605,-80.6610285642334,frame_001404
44.59816083523095,-80.25605521591375,frame_001408
43.75984111681818,-79.84661114221531,frame_001412
42.92152136622679,-79.43716686780704,frame_001416
42.08010191617066,-79.02889426960216,frame_001420
41.2269447702227,-78.62505881765445,frame_001424
40.37378769411841,-78.22521629565779,frame_001428
39.52222485163988,-77.8245789542994,frame_001432
38.67648640632952,-77.41513412901364,frame_001436
37.825422183090026,-77.00568921231576,frame_001440
36.97390364478131,-76.59500536080205,frame_001444
36.12816525000649,-76.17995136629558,frame_001448
35.27705675254111,-75.76489739699024,frame_001452
34.42389973015172,-75.35111581467837,frame_001456
33.570742739277314,-74.9416705580522,frame_001460
32.717585753220135,-74.53222515165304,frame_001464
31.86442876491871,-74.121473665536,frame_001468
31.011271763348255,-73.70641909874556,frame_001472
30.158114759247105,-73.28723720366823,frame_001476
29.30495776529111,-72.8665735379172,frame_001480
28.451800806565576,-72.44590977720209,frame_001484
27.60414711965597,-72.01692429070846,frame_001488
26.7602249754024,-71.58504238055275,frame_001492
25.92190542621343,-71.15316026219406,frame_001496
25.083585933530745,-70.72127810905029,frame_001500
24.24154541737521,-70.28939590720279,frame_001504
23.38838849104905,-69.85751359490347,frame_001508
22.5408236280702,-69.42563100128245,frame_001512
21.691275664947412,-68.99662879217594,frame_001516
20.83070022329112,-68.57596424654174,frame_001520
19.970124753220368,-68.15529939337038,frame_001524
19.10760003998613,-67.73758199381496,frame_001528
18.23960602557818,-67.32813504403732,frame_001532
17.377292910033738,-66.92298295322941,frame_001536
16.51472405834257,-66.52065204450699,frame_001540
15.646730209361856,-66.1224227069993,frame_001544
14.79018690798916,-65.732850383356,frame_001548
13.937030657413665,-65.3458387303616,frame_001552
13.083874422443929,-64.95882693594577,frame_001556
12.230718226252904,-64.57181509540922,frame_001560
11.379644456187672,-64.18322870443826,frame_001564
10.533906947661908,-63.79060750656684,frame_001568
9.682355453997424,-63.39359054379663,frame_001572
8.833452832510513,-62.99375222307384,frame_001576
7.99513403027334,-62.5899127301166,frame_001580
7.150956945222675,-62.1905024898082,frame_001584
6.305219517109431,-61.79063037613224,frame_001588
5.4594820817867245,-61.38679070764639,frame_001592
4.613744641636286,-60.97848810609262,frame_001596
3.7680072278191328,-60.57071438061135,frame_001600
2.9222698787558485,-60.166874475443706,frame_001604
2.0765325631555145,-59.763034510196576,frame_001608
1.2285353002748396,-59.35748584389693,frame_001612
0.3753792654500232,-58.94803678127481,frame_001616
-0.4717852349447736,-58.53858756159524,frame_001620
-1.3175224869808122,-58.13088049912165,frame_001624
-2.163259683202827,-57.7270401727011,frame_001628
-3.0089968865578225,-57.318636229390165,frame_001632
-3.85708279635443,-56.90918672651833,frame_001636
-4.710238685051349,-56.49973716959215,frame_001640
-5.563394548192799,-56.0902875433172,frame_001644
-6.411764213948786,-55.67902849567674,frame_001648
-7.25008264342241,-55.26396960691997,frame_001652
-8.100650377529355,-54.84428010755446,frame_001656
-8.953806233191836,-54.42545505393789,frame_001660
-9.80696204205259,-54.01039604081431,frame_001664
-10.653948837200923,-53.590672743216274,frame_001668
-11.502167783414295,-53.17188098393564,frame_001672
-12.355323542733768,-52.75682172479192,frame_001676
-13.202265867593344,-52.34176230577351,frame_001680
-14.045476609831846,-51.92861276179514,frame_001684
-14.883794821293176,-51.51916206037693,frame_001688
-15.715855193293915,-51.11444249839605,frame_001692
-16.54418393962813,-50.71448758179243,frame_001696
-17.367664464758608,-50.321863279623166,frame_001700
-18.10291427901079,-49.97688672645707,frame_001704
-18.78592214622755,-49.6660538540126,frame_001708
-19.40167766087557,-49.40243508277072,frame_001712
-19.941274082188823,-49.196396234684,frame_001716
-20.446729147819013,-49.03426576393591,frame_001720
-20.914109149037007,-48.933306889249735,frame_001724
-21.355924687493854,-48.92898640636536,frame_001728
-21.78551743553192,-48.97700297914806,frame_001732
-22.200964908042028,-49.089185694342014,frame_001736
-22.629282539862896,-49.2743509422581,frame_001740
-23.067811197692595,-49.49352441250904,frame_001744
-23.520351307142413,-49.751541612087244,frame_001748
-24.01176925316049,-50.05854957605582,frame_001752
-24.522783808185995,-50.38743653201569,frame_001756
-25.056929122473125,-50.740807459588126,frame_001760
-25.636742732843445,-51.128706993142295,frame_001764
-26.23984017412065,-51.52992106532113,frame_001768
-26.87042833965785,-51.94499190585119,frame_001772
-27.540427150366902,-52.37992785123218,frame_001776
-28.229933875276505,-52.82614913838635,frame_001780
-28.94212760490286,-53.28609296145952,frame_001784
-29.687385451329856,-53.75603659511744,frame_001788
-30.44837529654148,-54.23383498045138,frame_001792
-31.22733721700342,-54.7218246509888,frame_001796
-32.039585153662784,-55.21988127509106,frame_001800
-32.8675207091984,-55.72582623234989,frame_001804
-33.7132508190065,-56.24186184166541,frame_001808
-34.5790856395778,-56.76803145718412,frame_001812
-35.45912947108239,-57.30212296703655,frame_001816
-36.35679032719607,-57.846204479209646,frame_001820
-37.26794307361501,-58.39538668033301,frame_001824
-38.18961764000493,-58.952015656593765,frame_001828
-39.12437177221638,-59.51853390314174,frame_001832
-40.07949694109999,-60.095320510650005,frame_001836
-41.039610251575326,-60.67540356220733,frame_001840
-42.00403894159594,-61.25874947621478,frame_001844
-42.98897184774007,-61.84726337842172,frame_001848
-43.97880418691691,-62.44097853948435,frame_001852
-44.972907596598894,-63.04115241227306,frame_001856
-45.97388997485499,-63.64652755801584,frame_001860
-46.97860388877604,-64.24989749935784,frame_001864
-47.98754455491024,-64.85007193916812,frame_001868
-49.01033219803112,-65.4502467526385,frame_001872
-50.037346509715206,-66.05286857899547,frame_001876
-51.06854308823056,-66.65865267797642,frame_001880
-52.10670753710326,-67.26443713779899,frame_001884
-53.14860346366879,-67.87022171680857,frame_001888
-54.19463729224193,-68.47600641670223,frame_001892
-55.2476833713853,-69.08179148464973,frame_001896
-56.30113582021424,-69.69009067294486,frame_001900
-57.35458818300297,-70.30148502002004,frame_001904
-58.41509712271698,-70.91287967438296,frame_001908
-59.4725985340178,-71.52427436394667,frame_001912
-60.52605060488539,-72.13566907686545,frame_001916
-61.60080588927609,-72.74706445056378,frame_001920
-62.66968634134368,-73.3584598033756,frame_001924
-63.73055695110847,-73.96985509700677,frame_001928
-64.79857295914968,-74.58665325083778,frame_001932
-65.86686224365924,-75.20104350120896,frame_001936
-66.93515150612505,-75.81243951239098,frame_001940
-68.01063037552898,-76.42927175115071,frame_001944
-69.08984071435744,-77.04627719952987,frame_001948
-70.17296705370698,-77.66328278917345,frame_001952
-71.24885908630186,-78.28028852492103,frame_001956
-72.31037850598634,-78.8919306514549,frame_001960
-73.35641110559862,-79.49771819224672,frame_001964
-74.30782308355249,-80.04297125423864,frame_001968
-75.21072517361478,-80.55990490561707,frame_001972
-76.06387235985677,-81.04790100408589,frame_001976
-76.83646800068611,-81.46392024186429,frame_001980
-77.59346734825452,-81.8405134420365,frame_001984
-78.33533524059312,-82.17706424362093,frame_001988
-79.06983678867945,-82.42449197825202,frame_001992
-79.80060732100142,-82.6267789180746,frame_001996
-80.52763983144987,-82.78384029178774,frame_002000
-81.2546733293109,-82.8400340609163,frame_002004
-81.9779828305719,-82.85107640209372,frame_002008
-82.6976734491932,-82.81697791270886,frame_002012
-83.43212779424132,-82.69358693055507,frame_002016
-84.17788934692403,-82.53030220431256,frame_002020
-84.93484597694325,-82.32789020871719,frame_002024
-85.7138139603605,-82.08110046970245,frame_002028
-86.5004087551492,-81.81412894690409,frame_002032
-87.29434070513321,-81.52788516747151,frame_002036
-88.09556537882487,-81.23061405107968,frame_002040
-88.9083631913419,-80.92459298966827,frame_002044
-89.73201468597935,-80.61036592467714,frame_002048
-90.56291424530104,-80.29065855881375,frame_002052
-91.40161799076392,-79.96800102408692,frame_002056
-92.24692529024068,-79.64219727631992,frame_002060
-93.07782526018256,-79.3000536691592,frame_002064
-93.91661797579556,-78.95492616018443,frame_002068
-94.76209581620093,-78.60736931109993,frame_002072
-95.60041434758564,-78.26522548089643,frame_002076
-96.43873302903498,-77.9170469877693,frame_002080
-97.27735549260444,-77.56368506937318,frame_002084
-98.123092784778,-77.2103229558027,frame_002088
-98.96883015216588,-76.85390992683122,frame_002092
-99.81456758783496,-76.49467557238381,frame_002096
-100.66030512943898,-76.13009524409411,frame_002100
-101.51012238723948,-75.7593460351252,frame_002104
-102.36445613877272,-75.38325093085494,frame_002108
-103.23986862880558,-75.00184343592309,frame_002112
-104.1152811647815,-74.62355394643734,frame_002116
-104.9915673393856,-74.24742523989917,frame_002120
-105.88181712975386,-73.86601757787686,frame_002124
-106.76789863713758,-73.48145827193477,frame_002128
-107.65072985336836,-73.09480522305167,frame_002132
-108.5335612409641,-72.71339747107926,frame_002136
-109.4206053713148,-72.33198969397347,frame_002140
-110.31138106396982,-71.95018452962313,frame_002144
-111.20905002780434,-71.56316766165045,frame_002148
-112.10246168684095,-71.17615056240385,frame_002152
-112.9927116084019,-70.78913328061175,frame_002156
-113.88296150025823,-70.40211586919452,frame_002160
-114.7732112781923,-70.01184606067066,frame_002164
-115.66223229036656,-69.61921927086463,frame_002168
-116.53764435132668,-69.22659213766654,frame_002172
-117.41740238010182,-68.8339650279125,frame_002176
-118.3002333070365,-68.44133792604937,frame_002180
-119.18306426908046,-68.04871073505122,frame_002184
-120.0658952321238,-67.65276410474337,frame_002188
-120.94942925847371,-67.25559085178924,frame_002192
-121.83967858390989,-66.86857239972257,frame_002196
-122.69888528074895,-66.49496524016497,frame_002200
-123.52599115872988,-66.13829447396942,frame_002204
-124.2530277527319,-65.85223776535199,frame_002208
-124.91735764759687,-65.60343158120908,frame_002212
-125.53102931173446,-65.38086978634144,frame_002216
-126.06517827033142,-65.17333823940291,frame_002220
-126.54956982926409,-64.95554616927225,frame_002224
-126.99291442811484,-64.72865750559781,frame_002228
-127.36385195692584,-64.48186087695377,frame_002232
-127.69824740907032,-64.21434247850931,frame_002236
-128.00367126820993,-63.929230096520726,frame_002240
-128.2633286627795,-63.60951435847128,frame_002244
-128.48608894636735,-63.26538838249285,frame_002248
-128.67899705650845,-62.90151292877571,frame_002252
-128.81995589346562,-62.503269087042,frame_002256
-128.9422886110687,-62.08038020582844,frame_002260
-129.04775647767258,-61.63847484693454,frame_002264
-129.11452876309926,-61.16731229079511,frame_002268
-129.1577966699899,-60.66416135798256,frame_002272
-129.18240702714547,-60.13715136161058,frame_002276
-129.17499280079798,-59.57624284840984,frame_002280
-129.15334293934208,-58.99380750263083,frame_002284
-129.11838234478847,-58.39444418358192,frame_002288
-129.0516191159463,-57.76622635223787,frame_002292
-128.97527655770585,-57.1126589294107,frame_002296
-128.89036843322907,-56.4410093785832,frame_002300
-128.78651189587714,-55.74548226065861,frame_002304
-128.6681531565182,-55.031680480419794,frame_002308
-128.53974671214485,-54.30377203377439,frame_002312
-128.39879672637204,-53.552153840277,frame_002316
-128.25784676071575,-52.77840484800836,frame_002320
-128.11213171032605,-51.989529348130446,frame_002324
-127.94150735831792,-51.18182033860588,frame_002328
-127.77088278604435,-50.359223182749794,frame_002332
-127.59655110780648,-49.52627497646749,frame_002336
-127.4036704430171,-48.679302284185525,frame_002340
-127.21078965953278,-47.817307279796125,frame_002344
-127.01790880500728,-46.94596263821987,frame_002348
-126.8250278907227,-46.06533551812824,frame_002352
-126.61210068201618,-45.17713012158816,frame_002356
-126.38954508537024,-44.28228072960387,frame_002360
-126.16698948889128,-43.37360827807412,frame_002364
-125.92926556168403,-42.45729031501908,frame_002368
-125.68719096498124,-41.534294781924096,frame_002372
-125.45721642278676,-40.59757702424199,frame_002376
-125.2068401547033,-39.66085917210544,frame_002380
-124.94719041861572,-38.7220043542153,frame_002384
-124.6875408685053,-37.77406849736667,frame_002388
-124.41760167141368,-36.822242840707496,frame_002392
-124.14165683930268,-35.867595871510844,frame_002396
-123.85975065619604,-34.90844188279329,frame_002400
-123.57784422136086,-33.949287932062006,frame_002404
-123.29293371747522,-32.98672722886952,frame_002408
-122.99618956982852,-32.010746081935224,frame_002412
-122.69421198449594,-31.02685122068758,frame_002416
-122.39004918922664,-30.03614464208815,frame_002420
-122.0858862551252,-29.03211834721851,frame_002424
-121.76061164083312,-28.02011113118324,frame_002428
-121.42518292720898,-27.00727211793836,frame_002432
-121.08392608201,-26.00324594926317,frame_002436
-120.74799108021148,-24.99921983239952,frame_002440
-120.41088224497044,-23.993957526338253,frame_002444
-120.06220658163969,-22.9843225702992,frame_002448
-119.7027971371044,-21.974687617830405,frame_002452
-119.33592424966018,-20.96759229703576,frame_002456
-118.95757234029688,-19.969175518201425,frame_002460
-118.56839828962272,-18.95848544867688,frame_002464
-118.17176113281928,-17.940634874431133,frame_002468
-117.76373433715986,-16.91417301340806,frame_002472
-117.33934137909752,-15.879461902685463,frame_002476
-116.90905847771631,-14.839108239152011,frame_002480
-116.47877529841745,-13.79021038669934,frame_002484
-116.04849169191534,-12.73299615784792,frame_002488
-115.61639529498092,-11.667398422632814,frame_002492
-115.17869279069087,-10.58484645082138,frame_002496
-114.74653435776143,-9.4897192491201,frame_002500
-114.32182152264204,-8.388936282729306,frame_002504
-113.9137939609764,-7.283948454302249,frame_002508
-113.5113545730112,-6.178960742482153,frame_002512
-113.11454793989412,-5.076848293090101,frame_002516
-112.72877576452898,-3.9830789391007615,frame_002520
-112.34863638896842,-2.897827514488654,frame_002524
-111.97417426738896,-1.8152765058544813,frame_002528
-111.6106579474646,-0.7327256093349472,frame_002532
-111.25281885816683,0.3369478060710799,frame_002536
-110.90070123012713,1.399661911795376,frame_002540
-110.55944012247414,2.454167173830761,frame_002544
-110.22390039400337,3.512998337628502,frame_002548
-109.89005751138022,4.574650741954549,frame_002552
-109.5562144579798,5.6403738567,frame_002556
-109.2166055098489,6.70173731023885,frame_002560
-108.87534385494712,7.761851192410653,frame_002564
-108.53408185028064,8.8219649636462,frame_002568
-108.18120021034356,9.824968144911097,frame_002572
-107.83784230341116,10.767213773038602,frame_002576
-107.52625696560808,11.597355726950992,frame_002580
-107.28492895855176,12.316830678831916,frame_002584
-107.08404383812798,12.9624949827788,frame_002588
-106.93566881313568,13.500965344205545,frame_002592
-106.89348052393396,13.92346985167955,frame_002596
-106.9162482396246,14.291017631631686,frame_002600
-107.0275291322454,14.599516723791403,frame_002604
-107.23390780016058,14.890040849243322,frame_002608
-107.49322188922976,15.172691908754857,frame_002612
-107.81964546838256,15.447537055204853,frame_002616
-108.20594902098776,15.717855013896722,frame_002620
-108.62496635427048,15.992310102869414,frame_002624
-109.08492667061508,16.278373747017834,frame_002628
-109.58711342159556,16.56899840347188,frame_002632
-110.11307566077734,16.86953701915763,frame_002636
-110.6694787286483,17.18925535820267,frame_002640
-111.25018875871648,17.513568264575984,frame_002644
-111.8506040501265,17.844315956807133,frame_002648
-112.48119386676052,18.186470862967845,frame_002652
-113.1179047212614,18.528625840881933,frame_002656
-113.76564894115435,18.87446138939825,frame_002660
-114.4333319561931,19.22783465884177,frame_002664
-115.11951130802406,19.5905311663184,frame_002668
-115.81192862681654,19.95512275277032,frame_002672
-116.5092864639534,20.319714447785373,frame_002676
-117.23148353719934,20.69369649469968,frame_002680
-117.961038553586,21.069506505296506,frame_002684
-118.69548961475992,21.44531661396479,frame_002688
-119.44244906576708,21.830584198753883,frame_002692
-120.19430444100244,22.21567170542845,frame_002696
-120.95101137443989,22.59709113978115,frame_002700
-121.71401698229064,22.98327294024177,frame_002704
-122.4807541036412,23.3703016429924,frame_002708
-123.25229837366936,23.757330425939227,frame_002712
-124.0301856093258,24.149155120896665,frame_002716
-124.814460200168,24.54179316637504,frame_002720
-125.60826035019556,24.93443130157437,frame_002724
-126.395673303967,25.327069570972743,frame_002728
-127.18745549104928,25.721749513324337,frame_002732
-127.9886745050103,26.119997047023432,frame_002736
-128.81562099109607,26.523107750891693,frame_002740
-129.64651510394452,26.92696471194423,frame_002744
-130.47740917555203,27.33082175325077,frame_002748
-131.3083032514216,27.73467891733093,frame_002752
-132.14477538548942,28.140644882963915,frame_002756
-132.99050690826735,28.55011135886773,frame_002760
-133.83623827130396,28.95464789551424,frame_002764
-134.6848030027775,29.360647711048628,frame_002768
-135.5379530149047,29.77011445740313,frame_002772
-136.39110300105776,30.17461773763728,frame_002776
-137.24713074234046,30.57847559042151,frame_002780
-138.10769936230693,30.982333540345145,frame_002784
-138.9748771619267,31.39118876066217,frame_002788
-139.84578651057933,31.80065602159752,frame_002792
-140.7211924349164,32.210123399314185,frame_002796
-141.59659840081716,32.61456021649959,frame_002800
-142.4809039678185,33.020661676473964,frame_002804
-143.37856593685893,33.430129433179275,frame_002808
-144.26283166380526,33.834532994573365,frame_002812
-145.14866721013874,34.23611533773188,frame_002816
-146.0389107154971,34.63436522020924,frame_002820
-146.92241152995385,35.03771297841716,frame_002824
-147.8021806995205,35.43695196053532,frame_002828
-148.67758636068586,35.82959286837878,frame_002832
-149.51227094052882,36.21197097324827,frame_002836
-150.3090679638914,36.5699575153181,frame_002840
-151.05835606430983,36.89528892957946,frame_002844
-151.71883818214422,37.15864080250691,frame_002848
-152.3308102923915,37.390513667807454,frame_002852
-152.8872122560292,37.5868348873226,frame_002856
-153.37485848911038,37.736369488120765,frame_002860
-153.8220007910116,37.870154768374775,frame_002864
-154.2226102359284,37.98794784684962,frame_002868
-154.5540193695834,38.12143667598693,frame_002872
-154.8448799117626,38.26827778182631,frame_002876
-155.0896955094427,38.43094276950237,frame_002880
-155.2787959816521,38.63046671657091,frame_002884
-155.4347668316775,38.8546954829656,frame_002888
-155.5534642281744,39.10710560069703,frame_002892
-155.61609127723912,39.41250700428665,frame_002896
-155.66215209304033,39.74612159264775,frame_002900
-155.69182415385433,40.1107132902339,frame_002904
-155.6721241908102,40.51263375821028,frame_002908
-155.6263035104061,40.93430344933775,frame_002912
-155.55211386238344,41.377422221184055,frame_002916
-155.44953399484248,41.85810472624152,frame_002920
-155.32520684262536,42.35337934913889,frame_002924
-155.17682918213046,42.8638067945235,frame_002928
-155.0141679944401,43.41203303427957,frame_002932
-154.83713427053635,43.98523263915092,frame_002936
-154.6442447294315,44.58540569919925,frame_002940
-154.41542297809215,45.20187846602954,frame_002944
-154.17494166663045,45.83210634021193,frame_002948
-153.9227015377549,46.477151629961824,frame_002952
-153.66322969104675,47.16046511568218,frame_002956
-153.4035695742432,47.8608486810788,frame_002960
-153.14390923246714,48.57881184644738,frame_002964
-152.89879900845065,49.35178005091407,frame_002968
-152.65756389118795,50.1502488602756,frame_002972
-152.42015949261864,50.97478518804622,frame_002976
-152.17543511081496,51.8491277496216,frame_002980
-151.9306111018016,52.74062336117993,frame_002984
-151.68578673264048,53.6492958628963,frame_002988
-151.448325587385,54.58580623308814,frame_002992
-151.20356606332894,55.53086356020176,frame_002996
-150.9513224642434,56.48440868053761,frame_003000
-150.6990785989367,57.437953672093805,frame_003004
-150.43939271873188,58.39993878103504,frame_003008
-150.17227767036752,59.370311024421966,frame_003012
-149.89777765956833,60.34068313949049,frame_003016
-149.6119812453723,61.31105508783796,frame_003020
-149.31499003773033,62.28136770589639,frame_003024
-148.99597699859618,63.24612996236341,frame_003028
-148.67315405885776,64.21377262190663,frame_003032
-148.346354207334,65.18414380064637,frame_003036
-147.99766599248832,66.15451468962597,frame_003040
-147.6451238309359,67.1336278033489,frame_003044
-147.28918435437473,68.1209524212294,frame_003048
-146.94049602432148,69.11375966642215,frame_003052
-146.58011189781567,70.1154095782069,frame_003056
-146.2091672055613,71.12504384453614,frame_003060
-145.8382221255791,72.13467788985555,frame_003064
-145.46727700946488,73.1502742447883,frame_003068
-145.0960760732966,74.17131985330754,frame_003072
-144.7177118994588,75.19778095016056,frame_003076
-144.33536036092164,76.22725670193674,frame_003080
-143.94927722285695,77.25932677413864,frame_003084
-143.55607510786703,78.29139652519459,frame_003088
-143.16690456117507,79.32346623141375,frame_003092
-142.78008728733758,80.35579638911786,frame_003096
-142.37204755353264,81.39347496307161,frame_003100
-141.96400765940626,82.43115343678343,frame_003104
-141.55557869924868,83.46853776013928,frame_003108
-141.14011971774764,84.50060677957612,frame_003112
-140.72466057274488,85.53579109189451,frame_003116
-140.30920127489264,86.57346903698328,frame_003120
-139.8937416227912,87.6111467504739,frame_003124
-139.47411708748388,88.64882438864679,frame_003128
-139.0512386421856,89.68722428858781,frame_003132
-138.62835987735974,90.73611991320992,frame_003136
-138.20127157915783,91.78183276987248,frame_003140
-137.77097356207688,92.826302975295,frame_003144
-137.34067543824963,93.88641634703866,frame_003148
-136.90612359377906,94.94652959232748,frame_003152
-136.4678400968525,96.00664271880434,frame_003156
-136.0227040264962,97.06675554627442,frame_003160
-135.5732699319181,98.13011792970204,frame_003164
-135.1201042389657,99.1967634166317,frame_003168
-134.66013032920415,100.2737031996154,frame_003172
-134.19581369899126,101.35392586197128,frame_003176
-133.7271100274396,102.43746500258764,frame_003180
-133.24487894109467,103.53123116758688,frame_003184
-132.77142106507367,104.63494745869887,frame_003188
-132.30332729034626,105.74554087492824,frame_003192
-131.82851433956188,106.85613417494466,frame_003196
-131.35813341194668,107.93992585161232,frame_003200
-130.89520480443497,108.99214747788416,frame_003204
-130.47232740637608,109.92325242743608,frame_003208
-130.10315623422045,110.77991320620512,frame_003212
-129.77718703490712,111.57331276264632,frame_003216
-129.51752252379785,112.24639992192832,frame_003220
-129.29853829525297,112.83063578154209,frame_003224
-129.11313902743987,113.34088810872612,frame_003228
-128.98701584447883,113.71669565191826,frame_003232
-128.8928439957553,114.00623043612936,frame_003236
-128.8221626900896,114.2245693580734,frame_003240
-128.7776494305042,114.31431443624692,frame_003244
-128.74235410806332,114.34482311684256,frame_003248
-128.70807189048713,114.32945933870616,frame_003252
-128.64130456887676,114.2453218719406,frame_003256
-128.5233546507854,114.11193120922782,frame_003260
-128.3653241718727,113.94342315417494,frame_003264
-128.14276559073983,113.7358833433149,frame_003268
-127.8732327879576,113.51058468670227,frame_003272
-127.56638457602033,113.26888723253364,frame_003276
-127.19545203851672,112.9884264793056,frame_003280
-126.77236005460576,112.6864542074569,frame_003284
-126.31033058931423,112.36835087022232,frame_003288
-125.79102444777368,112.02618790897264,frame_003292
-125.22864315738217,111.66593111677288,frame_003296
-124.63267825182704,111.29156737874592,frame_003300
-123.97983613344636,110.89331187752867,frame_003304
-123.2883493963246,110.4767943281416,frame_003308
-122.56815379458044,110.04616975405985,frame_003312
-121.80403174595816,109.59182207842252,frame_003316
-121.01553515500616,109.11904505974482,frame_003320
-120.21075656027854,108.63305933556818,frame_003324
-119.38728538518562,108.12822934077684,frame_003328
-118.55397595575596,107.60852205453644,frame_003332
-117.7132035950444,107.078461129574,frame_003336
-116.86005790422516,106.5343674178118,frame_003340
-115.97216661725273,105.97526188588029,frame_003344
-115.06453750511956,105.40583620499156,frame_003348
-114.14462426356842,104.8224788445991,frame_003352
-113.20467882656548,104.23533506028696,frame_003356
-112.25376997833337,103.6483660966732,frame_003360
-111.29676281517382,103.07061762411776,frame_003364
-110.33470329408271,102.48904931290453,frame_003368
-109.3648164684712,101.90259529388427,frame_003372
-108.3707166151694,101.3024111626308,frame_003376
-107.37151981947292,100.70222710691434,frame_003380
-106.3685914154939,100.10204310511462,frame_003384
-105.35965389121488,99.50185918646298,frame_003388
-104.35585745550554,98.90167540873856,frame_003392
-103.35579251911253,98.30039239587114,frame_003396
-102.3616923024226,97.6946000555375,frame_003400
-101.36759239464476,97.08096675017369,frame_003404
-100.3734925553859,96.46395689010056,frame_003408
-99.37939246126231,95.84694704980706,frame_003412
-98.39575224864876,95.23389173952692,frame_003416
-97.41803216985883,94.622491383618,frame_003420
-96.44618771200324,94.01109110972156,frame_003424
-95.4796174437922,93.40766663095825,frame_003428
-94.51519143899458,92.80988495819298,frame_003432
-93.55076550041136,92.22092171999768,frame_003436
-92.5916579422544,91.63195837935392,frame_003440
-91.63465016757344,91.04422867497571,frame_003444
-90.67764236636668,90.46087468149038,frame_003448
-89.71527135359109,89.87752077920658,frame_003452
-88.75252072877059,89.29670133617682,frame_003456
-87.79551279766979,88.72456604943716,frame_003460
-86.82768972323223,88.15243077237314,frame_003464
-85.85756460014251,87.58159629296183,frame_003468
-84.89313775075323,87.01507041788884,frame_003472
-83.93416267413308,86.44442260645536,frame_003476
-82.97715441002754,85.87362220845797,frame_003480
-82.02014634871838,85.30709707266797,frame_003484
-81.06313809452395,84.74472757313855,frame_003488
-80.10793895842724,84.18244388388506,frame_003492
-79.15834958234105,83.61591938110071,frame_003496
-78.20875998995785,83.0535840427379,frame_003500
-77.26473079959293,82.49407010512621,frame_003504
-76.33739705028864,81.93876409412694,frame_003508
-75.40447818401692,81.38768089772262,frame_003512
-74.4735214156678,80.83798421103128,frame_003516
-73.55360625864014,80.28828781056899,frame_003520
-72.63369111930426,79.74710419996975,frame_003524
-71.71960273433179,79.20862636470956,frame_003528
-70.8219434683274,78.67014867163728,frame_003532
-69.92995787860603,78.1316710745053,frame_003536
-69.04170377612355,77.59769975863072,frame_003540
-68.15888168913179,77.07604976956404,frame_003544
-67.28177783990499,76.57169362742778,frame_003548
-66.41246752786253,76.07248044437652,frame_003552
-65.55931999930617,75.57326730821788,frame_003556
-64.7004098354836,75.08712507078445,frame_003560
-63.84191885295054,74.6063084720412,frame_003564
-62.98877092913619,74.1295317401813,frame_003568
-62.14142999358548,73.65714575923299,frame_003572
-61.29358103014163,73.18437578843458,frame_003576
-60.44043319446092,72.70759960498118,frame_003580
-59.58728532483528,72.23082355799303,frame_003584
-58.73630164675016,71.75404765791153,frame_003588
-57.89057254969498,71.27727202576085,frame_003592
-57.03305199937732,70.80941168960699,frame_003596
-56.17690260228644,70.34385445978603,frame_003600
-55.331173504182765,69.87829747988673,frame_003604
-54.48544438032488,69.41723181480185,frame_003608
-53.64422112979477,68.95898761195217,frame_003612
-52.8133294013404,68.5046493387098,frame_003616
-51.99440637751327,68.05936041712829,frame_003620
-51.18754107851377,67.61450348779547,frame_003624
-50.401161435583,67.16577486459256,frame_003628
-49.63889727608183,66.72616314428365,frame_003632
-48.8892175144709,66.29042366059853,frame_003636
-48.154768591843386,65.85852278320378,frame_003640
-47.438539337236186,65.43580573084729,frame_003644
-46.728732492723566,65.01692733672628,frame_003648
-46.02395819927458,64.60185404009958,frame_003652
-45.33141905977636,64.19140620201857,frame_003656
-44.64148202367411,63.781942110379084,frame_003660
-43.95154493118324,63.3724780591136,frame_003664
-43.26776971933104,62.96301400244123,frame_003668
-42.58277631830465,62.55354997560146,frame_003672
-41.89283904140055,62.14408601055935,frame_003676
-41.19669526168939,61.7393144830333,frame_003680
-40.49681989215293,61.33355482866023,frame_003684
-39.792044998911535,60.9240908256664,frame_003688
-39.07476855629525,60.51462690672211,frame_003692
-38.35515622302753,60.1032247485343,frame_003696
-37.63554384114288,59.68815182687596,frame_003700
-36.90963613779376,59.27783836301772,frame_003704
-36.18521280132028,58.87231803102259,frame_003708
-35.465600094274144,58.4740722075469,frame_003712
-34.73964782677574,58.071033305846,frame_003716
-34.01261635032641,57.66918387783325,frame_003720
-33.28558481020433,57.27093815061903,frame_003724
-32.5649371467599,56.87269252585151,frame_003728
-31.850717793136518,56.472408087722535,frame_003732
-31.145942370088434,56.06855371041711,frame_003736
-30.434738599955278,55.66955963308674,frame_003740
-29.722544410412667,55.26924193382372,frame_003744
-29.010350211537684,54.865387740690274,frame_003748
-28.30462859687493,54.466427360406975,frame_003752
-27.60263851899673,54.06818233034695,frame_003756
-26.905281640535165,53.66993744510763,frame_003760
-26.2079246575525,53.2766198735679,frame_003764
-25.510567673976464,52.88398409341855,frame_003768
-24.813210712886864,52.49134846141154,frame_003772
-24.115853659829565,52.103673717055,frame_003776
-23.421370879747137,51.71664719785186,frame_003780
-22.731432529936267,51.32962080173883,frame_003784
-22.03488831627233,50.94259444805068,frame_003788
-21.340449861967816,50.557774855572255,frame_003792
-20.650511423359774,50.17635767638972,frame_003796
-19.96057300983886,49.79494070589428,frame_003800
-19.27063457351251,49.4135237629839,frame_003804
-18.580696098533345,49.03210682529032,frame_003808
-17.89745224280364,48.64562852160185,frame_003812
-17.214932469972574,48.26315040291763,frame_003816
-16.53241264064969,47.8873427538505,frame_003820
-15.849892824975768,47.50644013050064,frame_003824
-15.170424804406048,47.127331025348056,frame_003828
-14.495323663570847,46.7515236742394,frame_003832
-13.820222521287388,46.37058774955546,frame_003836
-13.142025171775725,45.99151243532292,frame_003840
-12.459505278903348,45.61570529914283,frame_003844
-11.776985361363364,45.2398982493294,frame_003848
-11.094465446152844,44.861716791081854,frame_003852
-10.411945537024131,44.48030086445326,frame_003856
-9.729425577739413,44.10408079287086,frame_003860
-9.046905591334909,43.73068205864615,frame_003864
-8.364385574183034,43.3604843720241,frame_003868
-7.681865538275572,42.99028680061471,frame_003872
-7.002574831710866,42.62008932191498,frame_003876
-6.327473495575775,42.24989195263378,frame_003880
-5.652372131982758,41.87969466749143,frame_003884
-4.983818185063134,41.51197262453887,frame_003888
-4.32355420895466,41.1473845861856,frame_003892
-3.6702954773801855,40.78279671115086,frame_003896
-3.017450152507171,40.42322624097087,frame_003900
-2.3646047775310413,40.06985643062968,frame_003904
-1.7188089999283518,39.721816740115656,frame_003908
-1.0767447433729256,39.37659838091864,frame_003912
-0.4387366910222786,39.03444683627066,frame_003916
0.1992713600980813,38.68693191336894,frame_003920
0.8372794245641757,38.33917154468268,frame_003924
1.4752875048124805,37.99141121117621,frame_003928
2.106157227048372,37.64904806800338,frame_003932
2.733295441362493,37.31211561218852,frame_003936
3.356466228786072,36.98118251794863,frame_003940
3.9796370184956023,36.64481889918447,frame_003944
4.5993122190810265,36.3135627532275,frame_003948
5.215064371179856,35.988238829380684,frame_003952
5.765772178542315,35.70116475097876,frame_003956
6.251036111865861,35.44722211177217,frame_003960
6.666483432781084,35.2284701373756,frame_003964
6.972857654809609,35.07569121028874,frame_003968
7.22684313046869,34.951347676526794,frame_003972
7.427148126234478,34.855994080821496,frame_003976
7.590873746263158,34.83807833229226,frame_003980
7.743199393451252,34.87063461167322,frame_003984
7.884155439686546,34.95476846876474,frame_003988
8.047192878794196,35.12237473947099,frame_003992
8.221425162545165,35.32952283384373,frame_003996
8.40689433695167,35.576316947638254,frame_004000
8.614577995462666,35.89588990736503,frame_004004
8.829738929454656,36.2493285340523,frame_004008
9.052393490110653,36.63659927330968,frame_004012
9.29721347558056,37.085316176750766,frame_004016
9.553319379431436,37.565319417700415,frame_004020
9.820545353248898,38.07618691265793,frame_004024
10.102459562109138,38.63147400496031,frame_004028
10.391986545632411,39.21266106196393,frame_004032
10.689095931560102,39.8188791841281,frame_004036
11.00810427834774,40.4526915276056,frame_004040
11.330963394644748,41.09814908102772,frame_004044
11.657717663310011,41.755386070685006,frame_004048
11.998982701381712,42.45650575568787,frame_004052
12.344142953596412,43.17234985769256,frame_004056
12.693242795785702,43.90245743498773,frame_004060
13.056764600839411,44.66527561580959,frame_004064
13.420286509801324,45.43702901813971,frame_004068
13.784060790521329,46.21705537880277,frame_004072
14.155001691625648,47.00791802070936,frame_004076
14.525942764339067,47.81082866866432,frame_004080
14.897180650361838,48.62480009194597,frame_004084
15.275540840641863,49.45492540682461,frame_004088
15.653901158481393,50.291141785189,frame_004092
16.032602630183153,51.13300064655663,frame_004096
16.41838198464731,51.98556155126381,frame_004100
16.80416145540539,52.84428056238284,frame_004104
17.189170198707636,53.70835062449815,frame_004108
17.56011259006908,54.57773844243174,frame_004112
17.93517215412577,55.45646427797361,frame_004116
18.313533657084545,56.343978891039576,frame_004120
18.69189556331596,57.25262970525172,frame_004124
19.070257624696083,58.16757289490419,frame_004128
19.449568191102795,59.08815856045734,frame_004132
19.84276813872739,60.01924506664082,frame_004136
20.23176252279061,60.95669109974976,frame_004140
20.617544064570037,61.89938757551514,frame_004144
21.003325829143527,62.84730083812369,frame_004148
21.389107710719223,63.79842728471203,frame_004152
21.77488969328525,64.75194925779861,frame_004156
22.16067184344096,65.70547107289129,frame_004160
22.54645413625099,66.66223969052928,frame_004164
22.93162922768237,67.62182950992874,frame_004168
23.30999315817727,68.5865690791159,frame_004172
23.69703499856818,69.55458894761098,frame_004176
24.08893323959913,70.52493725614808,frame_004180
24.46729764107453,71.49528558000661,frame_004184
24.845662196919537,72.46894781952487,frame_004188
25.22472297331169,73.44543125094808,frame_004192
25.61050661905894,74.42699718563267,frame_004196
25.98743513900394,75.41191066468387,frame_004200
26.359122092861377,76.39908554588001,frame_004204
26.73748747837184,77.38626022344864,frame_004208
27.11138099256664,78.37681593523459,frame_004212
27.48232792622326,79.36959945158078,frame_004216
27.853275024223343,80.36238277881719,frame_004220
28.228738689296108,81.35858062221925,frame_004224
28.606275567317763,82.35697268641168,frame_004228
28.97722314634925,83.35536470770793,frame_004232
29.34817082430213,84.35375656002738,frame_004236
29.719992213303925,85.35280878480542,frame_004240
30.09835896238707,86.35680929921595,frame_004244
30.48133106978286,87.36429148334398,frame_004248
30.86711686246143,88.37320672743678,frame_004252
31.252902750136645,89.37720684318671,frame_004256
31.643338390326324,90.38823739355752,frame_004260
32.036543366785395,91.40418272587242,frame_004264
32.429748620419,92.42500935411394,frame_004268
32.82764793604894,93.44938454711634,frame_004272
33.22827215655892,94.47581965325524,frame_004276
33.628896608553966,95.50225474244938,frame_004280
34.0342595742326,96.53585441888222,frame_004284
34.44335425056829,97.57430171169432,frame_004288
34.85881677754168,98.61756305187552,frame_004292
35.27906234996354,99.67528814886784,frame_004296
35.70523076927747,100.7426415601106,frame_004300
36.15036910461758,101.8195558803668,frame_004304
36.60998904360152,102.9110680435902,frame_004308
37.08194388221509,104.01645050274996,frame_004312
37.579014740731786,105.15506248745092,frame_004316
38.09070040370296,106.31208951065196,frame_004320
38.61831825252363,107.48411792478828,frame_004324
39.18957799064235,108.68442740774998,frame_004328
39.77066952480404,109.8884528272995,frame_004332
40.36291035649491,111.09808588237313,frame_004336
40.98610211721402,112.3264386045212,frame_004340
41.62417448318509,113.53979003180432,frame_004344
42.26707629550059,114.74666862244688,frame_004348
42.897687060018704,115.958193534524,frame_004352
43.53830726468561,117.16971816297696,frame_004356
44.18375582452835,118.3802464422334,frame_004360
44.82920437263479,119.58616105705526,frame_004364
45.46455519873157,120.7958928595921,frame_004368
46.09380492981395,122.00844585414735,frame_004372
46.71699811871661,123.22557816235,frame_004376
47.34528497628136,124.44271041713336,frame_004380
47.97449118703732,125.6587794809396,frame_004384
48.5976850800536,126.87030271285198,frame_004388
49.23115462647905,128.07794119171967,frame_004392
49.86483451337952,129.2816616226188,frame_004396
50.48061012366048,130.4763578618982,frame_004400
51.09638577297984,131.63971121062053,frame_004404
51.69870656840612,132.77258321083275,frame_004408
52.24771243851794,133.8382756916312,frame_004412
52.739224558757904,134.785423244628,frame_004416
53.17891253670378,135.6421147192155,frame_004420
53.51276854503198,136.34322796046865,frame_004424
53.77810016265956,136.90087936475825,frame_004428
54.00283824904452,137.3569662725319,frame_004432
54.18089334571359,137.65423745882993,frame_004436
54.35363068637472,137.8229125096107,frame_004440
54.53240348281832,137.909923771124,frame_004444
54.74012719240922,137.8874837519153,frame_004448
54.98536728589556,137.79615621366912,frame_004452
55.2650899124763,137.66318928567426,frame_004456
55.6137664257876,137.47808749175812,frame_004460
56.01648245720771,137.2480416196042,frame_004464
56.4547966863286,136.9934515295415,frame_004468
56.9444271451598,136.71299501888544,frame_004472
57.49398963537988,136.40782145017883,frame_004476
58.075792593501646,136.08571965247398,frame_004480
58.69153984351613,135.7379529415294,frame_004484
59.345736024887366,135.36526806437055,frame_004488
60.027858298174415,134.9756550193729,frame_004492
60.75488480294179,134.56057832059184,frame_004496
61.51513401887432,134.1371278455538,frame_004500
62.29777224372859,133.70243951200715,frame_004504
63.11382221114298,133.24248910183132,frame_004508
63.952198024005774,132.77409802381766,frame_004512
64.81118297486569,132.29433507957046,frame_004516
65.70883792886264,131.78951178381817,frame_004520
66.6233701954713,131.27192729516867,frame_004524
67.55103565431942,130.74734455940464,frame_004528
68.50062071265931,130.21447528178842,frame_004532
69.47855718332681,129.66445768464243,frame_004536
70.47316815833966,129.10465445787622,frame_004540
71.48952130452739,128.53252256055612,frame_004544
72.53444796266712,127.95606988476142,frame_004548
73.59397722181012,127.3737300439534,frame_004552
74.6696798188526,126.77916208240394,frame_004556
75.76841873796837,126.16717777023396,frame_004560
76.88001189915953,125.54704151559244,frame_004564
78.00764536995369,124.91882033339652,frame_004568
79.16429643104999,124.27304888472662,frame_004572
80.33537278994123,123.6223928071709,frame_004576
81.52235658477937,122.9717368796744,frame_004580
82.715188190275,122.3078175120268,frame_004584
83.91175137049332,121.64033534361516,frame_004588
85.11357267466191,120.9728533616305,frame_004592
86.32717815195723,120.28755210765443,frame_004596
87.54824666085239,119.5943002531726,frame_004600
88.77974249897225,118.8931650160738,frame_004604
90.01717507590338,118.1830534908401,frame_004608
91.25608992091064,117.47410252131142,frame_004612
92.49500505846255,116.7729683764248,frame_004616
93.72793897061712,116.06279055514518,frame_004620
94.95943512741982,115.35043889839996,frame_004624
96.19093134674516,114.638087483453,frame_004628
97.42242770439934,113.9211810345196,frame_004632
98.65158596003336,113.20498920688172,frame_004636
99.87566385456084,112.4926388428414,frame_004640
101.09367215142962,111.78487788878748,frame_004644
102.30556646942846,111.08173982100784,frame_004648
103.5073887805763,110.3862173355234,frame_004652
104.69698297071896,109.6999403937881,frame_004656
105.881541163506,109.0174712790817,frame_004660
107.06110781715338,108.33877655299018,frame_004664
108.2160410977756,107.68336337939913,frame_004668
109.35604834956578,107.03645134759456,frame_004672
110.47626618033108,106.39702057918494,frame_004676
111.56547010426556,105.77634945865051,frame_004680
112.643563744309,105.16315963233492,frame_004684
113.71185171931764,104.55738402715993,frame_004688
114.7489038078632,103.96105581964834,frame_004692
115.7724185912844,103.37230599582855,frame_004696
116.7813577909532,102.79457654005986,frame_004700
117.77142229363352,102.22636117295508,frame_004704
118.74768777816924,101.66575764779276,frame_004708
119.7046964983768,101.11607379250223,frame_004712
120.64269698707346,100.5759707974904,frame_004716
121.56950310578196,100.04351328034528,frame_004720
122.4820002291528,99.52187501901588,frame_004724
123.38811679091756,98.99541298650392,frame_004728
124.28242200108907,98.4742747671352,frame_004732
125.15782534535398,97.96385474694765,frame_004736
126.01395443419672,97.44857781588946,frame_004740
126.86436433198128,96.94082875177368,frame_004744
127.71009341889086,96.44723631796212,frame_004748
128.52994528205704,95.95853492222834,frame_004752
129.3376530470627,95.483171559699,frame_004756
130.1314509676896,95.02884176278404,frame_004760
130.89919484165154,94.5794370739966,frame_004764
131.6576654611642,94.1392644530613,frame_004768
132.4069516268232,93.7129800088586,frame_004772
133.14312220100174,93.29165409281276,frame_004776
133.8718297825361,92.87532000600044,frame_004780
134.59144159748976,92.46586298746108,frame_004784
135.29124629523162,92.0663894458256,frame_004788
135.97985634461983,91.67255847871958,frame_004792
136.65495575579095,91.28553747030772,frame_004796
137.3167620451954,90.90856724346231,frame_004800
137.968145691813,90.53723957717328,frame_004804
138.60615176971052,90.17265470277223,frame_004808
139.22408456765743,89.82324632431785,frame_004812
139.8308226438914,89.48230166136764,frame_004816
140.42431623906202,89.15137039438235,frame_004820
141.004339177513,88.83062410128825,frame_004824
141.57385089147783,88.51782511323208,frame_004828
142.13025159583475,88.21493905479306,frame_004832
142.67987223068894,87.91717883544676,frame_004836
143.21957600845658,87.62224000551089,frame_004840
143.74630183026775,87.33057209032707,frame_004844
144.25937941389807,87.04922331063446,frame_004848
144.76499391204732,86.7711452985277,frame_004852
145.26204510718787,86.49630450221578,frame_004856
145.74535909858693,86.22665688044378,frame_004860
146.21802858222355,85.95983063130093,frame_004864
146.6779863252567,85.69620812922368,frame_004868
147.11720595931814,85.46394540798791,frame_004872
147.5161986761291,85.25348820385693,frame_004876
147.8648770146275,85.06839160183908,frame_004880
148.11615215046552,84.9358967830392,frame_004884
148.32172606396475,84.8093628125756,frame_004888
148.4775179899385,84.68596589322148,frame_004892
148.56329131251223,84.51492684032362,frame_004896
148.60843400524237,84.31348528596004,frame_004900
148.60843077701017,84.07791232847711,frame_004904
148.54501150490634,83.77308664569203,frame_004908
148.45472580119275,83.42904596053636,frame_004912
148.33602143532386,83.04203485014426,frame_004916
148.16059206320654,82.58533465061971,frame_004920
147.9519066525466,82.0971052427533,frame_004924
147.7070827338515,81.57548263098656,frame_004928
147.43371846661034,80.99991717870155,frame_004932
147.1419799179715,80.3935330961162,frame_004936
146.83038612814133,79.75412464127106,frame_004940
146.48289560682375,79.07129370937884,frame_004944
146.12373118212344,78.36061266409152,frame_004948
145.75278653240005,77.62024483149537,frame_004952
145.36739418523263,76.83618574645119,frame_004956
144.97100210179372,76.03223075634347,frame_004960
144.56296324405037,75.2077299708254,frame_004964
144.11131554849004,74.34476460320333,frame_004968
143.65160192579083,73.46746529455145,frame_004972
143.18421246486727,72.57565808424069,frame_004976
142.69488595391536,71.65620850442642,frame_004980
142.19798994109556,70.71991194525633,frame_004984
141.69350689788862,69.76640725024406,frame_004988
141.17431054832915,68.79065436618772,frame_004992
140.65132074619643,67.80361655112073,frame_004996
140.1245818701151,66.80524082194988,frame_005000
139.5756394368594,65.78448256652825,frame_005004
139.0192165182089,64.75524741411043,frame_005008
138.45535749579136,63.717507990988906,frame_005012
137.8841067711971,62.65182561364912,frame_005016
137.3053393848405,61.58330167640204,frame_005020
136.71918030205327,60.51184876000249,frame_005024
136.12567380920706,59.423730575612375,frame_005028
135.53216735061136,58.32698699701781,frame_005032
134.93831405354996,57.22186704007658,frame_005036
134.32255182142617,56.10570413118152,frame_005040
133.7067898648974,54.986632501861,frame_005044
133.09086816202742,53.86449762664999,frame_005048
132.4676879656088,52.72589881045501,frame_005052
131.8406166057149,51.58435777380781,frame_005056
131.21001844850153,50.439840956777125,frame_005060
130.57942055641317,49.28441513537971,frame_005064
129.94488680345194,48.12601340109597,frame_005068
129.306372810144,46.96460221191917,frame_005072
128.65351923588676,45.79234922115796,frame_005076
128.0046459988104,44.61708667813402,frame_005080
127.35891803772977,43.43878105234772,frame_005084
126.70606485380324,42.24970067780564,frame_005088
126.04918723972712,41.06062017305944,frame_005092
125.38891584843788,39.87153954150651,frame_005096
124.72864468689644,38.6824585531751,frame_005100
124.06837355726788,37.49337733088737,frame_005104
123.40772055166752,36.30400715435434,frame_005108
122.74003096805612,35.109316522262915,frame_005112
122.07234160504244,33.91462570640245,frame_005116
121.40422613132364,32.71993472169668,frame_005120
120.72911836714798,31.525243389527976,frame_005124
120.05816854592295,30.333695341846035,frame_005128
119.39095036192266,29.14461245080372,frame_005132
118.73068038418886,27.955529175579372,frame_005136
118.06620825146145,26.769622776363555,frame_005140
117.39903475261632,25.58653741885283,frame_005144
116.73876505194352,24.408671174584907,frame_005148
116.08274214353764,23.23401536110688,frame_005152
115.4298915090773,22.06175763420984,frame_005156
114.77704121273658,20.88949961321286,frame_005160
114.12848199054304,19.72048556310672,frame_005164
113.48365441537037,18.55474907178853,frame_005168
112.8456421436792,17.399317049507093,frame_005172
112.2032946683259,16.24060710207719,frame_005176
111.55786396766756,15.08054598507212,frame_005180
110.91243328202266,13.930722196643742,frame_005184
110.2713826029827,12.780898220867783,frame_005188
109.63406366889896,11.631074083526393,frame_005192
109.0034710562076,10.48124963957731,frame_005196
108.37287859584076,9.341459577421064,frame_005200
107.74302322242448,8.210133044463785,frame_005204
107.1198497580134,7.093961391957857,frame_005208
106.50114491323409,5.984546378011514,frame_005212
105.88695306455028,4.881364407630507,frame_005216
105.28603621160332,3.793236684651277,frame_005220
104.70768404634782,2.7426404374380127,frame_005224
104.1496412233062,1.731193384988211,frame_005228
103.63774937055356,0.8393769373061841,frame_005232
103.1759876365834,0.0474805615400028,frame_005236
102.75353278857142,-0.6639158563987639,frame_005240
102.39001563676848,-1.2416336450981291,frame_005244
102.07711659613904,-1.7358535808549442,frame_005248
101.80343553630549,-2.163055359493463,frame_005252
101.58829260921424,-2.4771544278917617,frame_005256
101.4242559030236,-2.7174881812190006,frame_005260
101.3003072632344,-2.900750902989641,frame_005264
101.24095732294546,-2.996102408620976,frame_005268
101.20505945169091,-3.063084398416039,frame_005272
101.18882249549677,-3.111289064049466,frame_005276
101.21107792873444,-3.144942497242527,frame_005280
101.27121178086298,-3.189335138369838,frame_005284
101.36119804631812,-3.2437755915314783,frame_005288
101.5021531321178,-3.322300254293667,frame_005292
101.69567925556618,-3.4333445553907462,frame_005296
101.9269764102784,-3.5689543058406628,frame_005300
102.20888744179184,-3.7428303542803096,frame_005304
102.54868161408125,-3.9531748726132654,frame_005308
102.92984540093202,-4.190013332786724,frame_005312
103.36755029423078,-4.464849619640756,frame_005316
103.8490669849554,-4.772809494659043,frame_005320
104.3641677634344,-5.104374949864657,frame_005324
104.93541001843624,-5.4689535661187865,frame_005328
105.54595114845092,-5.852101895098694,frame_005332
106.18511965147356,-6.250282595375669,frame_005336
106.86764315623212,-6.676558921568098,frame_005340
107.57990689262267,-7.121572692708045,frame_005344
108.31455994066653,-7.5797326904098306,frame_005348
109.086108201116,-8.056488816801975,frame_005352
109.88266206806584,-8.544588015593044,frame_005356
110.69655984538808,-9.041150807190853,frame_005360
111.53487689367516,-9.55155997526376,frame_005364
112.39337592653844,-10.0695982373688,frame_005368
113.2640845856306,-10.592251905768604,frame_005372
114.14691408244786,-11.119487360821228,frame_005376
115.04501326291954,-11.646722669521209,frame_005380
115.95150174495087,-12.17607886622046,frame_005384
116.86400616593812,-12.714531681581974,frame_005388
117.78677930256336,-13.252984362790388,frame_005392
118.71556855581716,-13.792530991391326,frame_005396
119.65032938069922,-14.336592275537292,frame_005400
120.5954476214971,-14.884568688217438,frame_005404
121.54802903514349,-15.436493816560146,frame_005408
122.5124649706876,-15.997381315788434,frame_005412
123.47690116326169,-16.554319862210626,frame_005416
124.44440914834374,-17.111920564070793,frame_005420
125.42368296961952,-17.678416530426237,frame_005424
126.40295664313108,-18.24491231196772,frame_005428
127.3822303195822,-18.812602692170746,frame_005432
128.36150422987413,-19.384707097537685,frame_005436
129.34608979237325,-19.95279536845876,frame_005440
130.33278233759648,-20.518062299916817,frame_005444
131.3194751469733,-21.078948471783853,frame_005448
132.31152434925227,-21.639834500846952,frame_005452
133.3022982383129,-22.201982251938933,frame_005456
134.2815725643618,-22.76847690875012,frame_005460
135.24464501130586,-23.32272228155345,frame_005464
136.19823607081045,-23.86850390225148,frame_005468
137.14041645636382,-24.401344884888893,frame_005472
138.05537234389783,-24.91360285746585,frame_005476
138.9534283948912,-25.41441259857568,frame_005480
139.82884103315854,-25.90238252414586,frame_005484
140.6713174346797,-26.373751773293687,frame_005488
141.48960224008076,-26.833836136908715,frame_005492
142.26857087028924,-27.2769349617609,frame_005496
143.00326965191988,-27.69911527528274,frame_005500
143.71180898529914,-28.107189543204143,frame_005504
144.38691534295384,-28.494199730271987,frame_005508
145.02297504603976,-28.851689185972837,frame_005512
145.63669561708343,-29.19371895359374,frame_005516
146.2227771342294,-29.519031668117893,frame_005520
146.78074639279288,-29.82309040586119,frame_005524
147.3181224409259,-30.11450623747528,frame_005528
147.8225973057941,-30.389339162355025,frame_005532
148.31007177437377,-30.65560341403771,frame_005536
148.77843287377013,-30.91472857296376,frame_005540
149.20872009419134,-31.161517270146245,frame_005544
149.62758501030734,-31.39967018114356,frame_005548
150.0389869030513,-31.633710950274136,frame_005552
150.4395995492144,-31.863673150245145,frame_005556
150.84021251457526,-32.093635387691585,frame_005560
151.24082557665938,-32.3235976264684,frame_005564
151.64143865035112,-32.55355984067548,frame_005568
152.04205162784294,-32.79229204131014,frame_005572
152.44266464189826,-33.03027720557192,frame_005576
152.84327781520395,-33.26023936436637,frame_005580
153.24389101075565,-33.49462007000562,frame_005584
153.6445042035479,-33.73019105048442,frame_005588
154.045117374993,-33.96576199886629,frame_005592
154.4457306040869,-34.19688080400908,frame_005596
154.84854527695845,-34.42684281374808,frame_005600
155.2565768105446,-34.656804703738004,frame_005604
155.67054180001097,-34.8957379676968,frame_005608
156.09722204884375,-35.140313554999054,frame_005612
156.54976590586094,-35.39271059465133,frame_005616
157.0142647334084,-35.6496267642835,frame_005620
157.4930977004894,-35.90936406120744,frame_005624
157.99757285112662,-36.17297851647653,frame_005628
158.54420144909386,-36.4502511417712,frame_005632
159.10994696443888,-36.73951755874717,frame_005636
159.69602873615216,-37.04800251392801,frame_005640
160.30637510010968,-37.365659855744354,frame_005644
160.93164771982302,-37.694355556782114,frame_005648
161.57707919691126,-38.04210203510576,frame_005652
162.21639975063323,-38.389848398665706,frame_005656
162.85198904093554,-38.73576256429374,frame_005660
163.48258379556748,-39.07790024535255,frame_005664
164.03316365521752,-39.37350393659223,frame_005668
164.52536157041158,-39.63343260371944,frame_005672
164.93339369146238,-39.84095859088185,frame_005676
165.26083260489685,-40.001614782539846,frame_005680
165.55232187053377,-40.12266288840718,frame_005684
165.80455838042002,-40.18435886159304,frame_005688
166.03806342705528,-40.15164388199221,frame_005692
166.27060009994665,-40.06443767578446,frame_005696
166.5079986338315,-39.907388244129365,frame_005700
166.76426128500427,-39.679027053584285,frame_005704
167.03171833157535,-39.41228058935773,frame_005708
167.3136282120909,-39.09818277109315,frame_005712
167.62086760619195,-38.72663278156146,frame_005716
167.9456782804375,-38.32122819715163,frame_005720
168.29435536608483,-37.87251728834868,frame_005724
168.65578592654154,-37.36595172695115,frame_005728
169.03005889079122,-36.825531639155656,frame_005732
169.4232474698509,-36.24220795015563,frame_005736
169.82927852062113,-35.62004611145063,frame_005740
170.24550650990454,-34.973247463412456,frame_005744
170.6757877813248,-34.29457308448928,frame_005748
171.1319320535614,-33.57190385422426,frame_005752
171.59466710650105,-32.82594451951432,frame_005756
172.06204251034984,-32.051919815578366,frame_005760
172.5489477760288,-31.24836384241449,frame_005764
173.04140185225282,-30.4321491440198,frame_005768
173.5384517524195,-29.60203601437393,frame_005772
174.0486103551338,-28.74714580769909,frame_005776
174.56049755064535,-27.87598189670291,frame_005780
175.0723848657736,-26.984171677282674,frame_005784
175.59087119676963,-26.067416717976958,frame_005788
176.1130890727811,-25.14315982661687,frame_005792
176.63981396342385,-24.212087994953237,frame_005796
177.17318234105738,-23.25590368238017,frame_005800
177.71028215316568,-22.292318098096462,frame_005804
178.25184441893146,-21.321984672689812,frame_005808
178.79340652676044,-20.316258811245635,frame_005812
179.3559722140848,-19.297589984594246,frame_005816
179.94946690357003,-18.265559678628325,frame_005820
180.529496761163,-17.228439903554335,frame_005824
181.11119832348865,-16.176989112619335,frame_005828
181.6972744908178,-15.105697397246049,frame_005832
182.32400944649672,-14.029282691191312,frame_005836
182.95768806053223,-12.940704732894606,frame_005840
183.59569652435653,-11.835760448277204,frame_005844
184.24734723192276,-10.72565969215518,frame_005848
184.8970601062205,-9.6151069687522,frame_005852
185.54248742223515,-8.504554391580355,frame_005856
186.1673192692209,-7.394002100836085,frame_005860
186.79049077694572,-6.266631382317572,frame_005864
187.41366291537065,-5.116817519692081,frame_005868
188.02992579991275,-3.967003932054314,frame_005872
188.65212430347324,-2.814754280023795,frame_005876
189.2827157897389,-1.659332155293478,frame_005880
189.89939932900185,-0.4881380855321613,frame_005884
190.51842006417823,0.689049665035302,frame_005888
191.14159302411088,1.8725154060971336,frame_005892
191.7717648100823,3.061271820949957,frame_005896
192.39904646297023,4.250345975802372,frame_005900
193.02222107453736,5.439419976518284,frame_005904
193.66652401433663,6.6231691734086535,frame_005908
194.3086002658497,7.809170786739239,frame_005912
194.94661392933392,8.99824423621758,frame_005916
195.59880212259108,10.181959343940637,frame_005920
196.24825392464192,11.373134807543408,frame_005924
196.89368693147665,12.573425365267962,frame_005928
197.56051381312497,13.757540705098958,frame_005932
198.23509152455685,14.951420146678924,frame_005936
198.9176186949903,16.15731887443364,frame_005940
199.61449809592077,17.357792130888754,frame_005944
200.30488644156196,18.55808160407225,frame_005948
200.98741492892336,19.758370955067853,frame_005952
201.66994353512416,20.94228383428673,frame_005956
202.33480706750237,22.117733021414946,frame_005960
202.9802419349283,23.28436884546592,frame_005964
203.60388516502292,24.42354331533216,frame_005968
204.219910969273,25.537793153906705,frame_005972
204.8282538857185,26.625905106383627,frame_005976
205.40005102030773,27.65875852887136,frame_005980
205.9568117464362,28.663399919036834,frame_005984
206.49838422981773,29.639334794201943,frame_005988
206.98113055214677,30.52076030233385,frame_005992
207.4193593740947,31.32096469513777,frame_005996
207.8125567891704,32.038893668646736,frame_006000
208.10958277712703,32.58344184707666,frame_006004
208.35809809160835,33.0405332421032,frame_006008
208.5581494512225,33.41022083411978,frame_006012
208.67685089652323,33.623355981408295,frame_006016
208.76551238892085,33.78539185611726,frame_006020
208.8244562910218,33.897158480347585,frame_006024
208.83929390728463,33.96446435180311,frame_006028
208.8199373139281,34.028897888594884,frame_006032
208.76688407935768,34.090934147792154,frame_006036
208.6407648831661,34.17506699748214,frame_006040
208.4723653240779,34.2737298521724,frame_006044
208.2635447435653,34.38661718266366,frame_006048
208.00388828034664,34.53244773579485,frame_006052
207.70923933447392,34.69297603082592,frame_006056
207.38160908483584,34.8679141986163,frame_006060
207.0106716782857,35.081051229448875,frame_006064
206.6200717775856,35.3090536517573,frame_006068
206.21081381976853,35.55079122005196,frame_006072
205.76568793292444,35.80879907273847,frame_006076
205.30067782751829,36.08184012549226,frame_006080
204.81758914633247,36.368987219281095,frame_006084
204.3131132008731,36.68308366481312,frame_006088
203.7965733940584,37.00326049722429,frame_006092
203.2681706467286,37.32958482882659,frame_006096
202.70434433710815,37.677334524674976,frame_006100
202.13238697508768,38.03123176866114,frame_006104
201.55220978227095,38.39105757228978,frame_006108
200.9438714175301,38.76685179727838,frame_006112
200.31909368675443,39.14886080583088,frame_006116
199.67981298406252,39.53619274534173,frame_006120
199.0195453635949,39.92881422130331,frame_006124
198.3426607077048,40.32771758103016,frame_006128
197.65131731557088,40.731910305334864,frame_006132
196.93911970670487,41.141358948007806,frame_006136
196.2269225558804,41.55398213537101,frame_006140
195.5142142144857,41.96981339918112,frame_006144
194.79459889032745,42.39608898926366,frame_006148
194.07074058835272,42.82557264234806,frame_006152
193.34203894772384,43.25703697192638,frame_006156
192.59274883124567,43.68331297482981,frame_006160
191.84345893708212,44.11607209854489,frame_006164
191.09416918987804,44.55220438188745,frame_006168
190.34487926775023,44.972871816540696,frame_006172
189.61724832613416,45.37061368235904,frame_006176
188.91730069183737,45.74470766166973,frame_006180
188.3460596055876,46.04197966797198,frame_006184
187.8667196139511,46.26646159442056,frame_006188
187.46298568476115,46.43200255607231,frame_006192
187.17365501547496,46.51613682544243,frame_006196
186.9506334996291,46.56016458353695,frame_006200
186.7806510735406,46.5736647354809,frame_006204
186.68420558774423,46.55683832920469,frame_006208
186.61901479417807,46.519757293875394,frame_006212
186.5783888539333,46.46868925170271,frame_006216
186.57096689475253,46.41260014080827,frame_006220
186.57707327584288,46.34969243245834,frame_006224
186.5919077783791,46.28362885222178,frame_006228
186.6067426576093,46.2275397700682,frame_006232
186.6352387339022,46.16456491134127,frame_006236
186.67752922055195,46.09594756027191,frame_006240
186.75913253002705,46.01742270238959,frame_006244
186.8867172953569,45.92151561036971,frame_006248
187.05252866117573,45.810813588758975,frame_006252
187.2899263630148,45.67059088238496,frame_006256
187.82908770870625,45.36188899365152,frame_006260
188.51717293065175,44.96977405020643,frame_006264
188.9919692209835,44.69493780712106,frame_006268
189.5136350479069,44.39175346461738,frame_006272
190.07061705686,44.06675527593774,frame_006276
190.67895074010855,43.70778593687622,frame_006280
191.32513484161436,43.33093120355847,frame_006284
192.00012739829987,42.94075981866784,frame_006288
192.7197431870007,42.53131078782797,frame_006292
193.4680127084293,42.10741918377974,frame_006296
194.240848372006,41.6714197180377,frame_006300
195.0643257564365,41.21149071353868,frame_006304
195.90708353730625,40.73698511184375,frame_006308
196.76816633524345,40.25033822004534,frame_006312
197.6732501897916,39.73992967503374,frame_006316
198.6123856752355,39.211132626934806,frame_006320
199.57175574476832,38.66911968221461,frame_006324
200.54360793503847,38.10823161883529,frame_006328
201.54000392810937,37.53620971983689,frame_006332
202.55261418200928,36.95849509010719,frame_006336
203.5838156191801,36.380780539408576,frame_006340
204.6348298863987,35.78808679484416,frame_006344
205.69823814206552,35.18602266636858,frame_006348
206.7739511380188,34.574655264775586,frame_006352
207.8746527714365,33.95573129700703,frame_006356
208.990081224437,33.331165061520004,frame_006360
210.11772629376603,32.697362788980314,frame_006364
211.26553919266024,32.05593676543783,frame_006368
212.4255687282562,31.408868452476774,frame_006372
213.59772641665924,30.75263127839135,frame_006376
214.77496997331164,30.096394209492853,frame_006380
215.95734403142453,29.439099396797506,frame_006384
217.15175710797084,28.777253782662967,frame_006388
218.35130079378655,28.111529321352418,frame_006392
219.5531325274992,27.44189243833961,frame_006396
220.75496476138724,26.763221008420125,frame_006400
221.9723220625412,26.06889941730806,frame_006404
223.1978980711229,25.36779298033521,frame_006408
224.42940515545897,24.66668682010033,frame_006412
225.66613117954984,23.961634694099637,frame_006416
226.90505626001303,23.251444540528624,frame_006420
228.14398161499773,22.527903740015585,frame_006424
229.38290716755708,21.80834288413612,frame_006428
230.62498620188492,21.08921928581677,frame_006432
231.8787491704664,20.365679160995235,frame_006436
233.13251232803688,19.64213930882697,frame_006440
234.3846542786705,18.919825234569675,frame_006444
235.63099792655385,18.20189460659744,frame_006448
236.89340002541235,17.483964240117725,frame_006452
238.16033506280044,16.766034058955608,frame_006456
239.42151680026035,16.04810416928872,frame_006460
240.6826985392794,15.338335210904257,frame_006464
241.94046066486155,14.631623385664753,frame_006468
243.18680539062723,13.924911878489947,frame_006472
244.42770879751237,13.226428414697075,frame_006476
245.66312662363995,12.53491376097906,frame_006480
246.88721605222605,11.856247026734586,frame_006484
248.0948482415077,11.177580565743853,frame_006488
249.2930844118227,10.50163391321047,frame_006492
250.4800802860923,9.834185478201734,frame_006496
251.62836522886084,9.179280301192296,frame_006500
252.7505294128389,8.53562556901315,frame_006504
253.833663587006,7.913048224863052,frame_006508
254.8889246793929,7.303114722813913,frame_006512
255.91986574102637,6.701644888247988,frame_006516
256.906556032436,6.112720887265605,frame_006520
257.8707709753771,5.545037555080152,frame_006524
258.8161963727367,4.989999734970265,frame_006528
259.72870020840264,4.451555352627531,frame_006532
260.6185506406182,3.93023771102143,frame_006536
261.49347500386443,3.4157227696966497,frame_006540
262.3466295614631,2.90532273433456,frame_006544
263.17695241017924,2.403553226255668,frame_006548
263.9923487878013,1.9150640526076577,frame_006552
264.7861524169416,1.4551434312108564,frame_006556
265.55694714482127,0.999571676697565,frame_006560
266.31694552417656,0.5483823005668558,frame_006564
267.066236822986,0.1052883274472175,frame_006568
267.79813836474244,-0.3202763282513752,frame_006572
268.5209543945533,-0.7393403113274194,frame_006576
269.2331514555505,-1.154390110390716,frame_006580
269.9219855578527,-1.5561922535192885,frame_006584
270.6002008389489,-1.952787322429608,frame_006588
271.267885852412,-2.3454017751579848,frame_006592
271.9238007463904,-2.72466792480183,frame_006596
272.572252439834,-3.097132319339911,frame_006600
273.2102623627499,-3.4617026744768213,frame_006604
273.8423433627327,-3.8262729647091342,frame_006608
274.4684504986752,-4.187452515536004,frame_006612
275.08420494785145,-4.540805147193277,frame_006616
275.68801166529784,-4.885124693434225,frame_006620
276.28206862084085,-5.2238018768555365,frame_006624
276.8607300830455,-5.55471926990249,frame_006628
277.4213363460133,-5.871986415640819,frame_006632
277.96608590631695,-6.179027598732319,frame_006636
278.48539865471565,-6.470683496303832,frame_006640
278.9198336151214,-6.7073360192925335,frame_006644
279.2972753788223,-6.910134602118613,frame_006648
279.59402586070723,-7.067180031932661,frame_006652
279.81748994124257,-7.187288122722658,frame_006656
279.9985954610708,-7.304952128039932,frame_006660
280.124715181778,-7.4339538336352575,frame_006664
280.1954713246054,-7.604812127859162,frame_006668
280.23510759159643,-7.806650268517741,frame_006672
280.235108299716,-8.053436329703255,frame_006676
280.18554155814184,-8.361118076905178,frame_006680
280.1086311487431,-8.709268329614549,frame_006684
279.99735091118345,-9.113100196773663,frame_006688
279.8361485134078,-9.573546152517276,frame_006692
279.6476469713974,-10.065915911043447,frame_006696
279.425086410726,-10.598749808177397,frame_006700
279.1711023431194,-11.179097666003011,frame_006704
278.8958630141235,-11.791584785075472,frame_006708
278.5916963204379,-12.4478119616993,frame_006712
278.2558848221517,-13.13753387799484,frame_006716
277.9066991650235,-13.85099867299943,frame_006720
277.543182578337,-14.596966533121538,frame_006724
277.1541726663047,-15.376664031068936,frame_006728
276.7502365996342,-16.17407889197729,frame_006732
276.32737063481244,-16.992961215318342,frame_006736
275.8916691252132,-17.840955991831006,frame_006740
275.4457738994533,-18.705877856481795,frame_006744
274.9858144193529,-19.5920658708156,frame_006748
274.5064683897348,-20.502682095929213,frame_006752
274.01592783446586,-21.42530627813755,frame_006756
273.5114563693966,-22.36197375553088,frame_006760
272.993971976796,-23.31339892041178,frame_006764
272.46902462957934,-24.275419258331624,frame_006768
271.9348788243477,-25.25134867885735,frame_006772
271.3810802974583,-26.242136490503604,frame_006776
270.8189509431722,-27.24138793577709,frame_006780
270.2477117547119,-28.250970574480164,frame_006784
269.67647284086684,-29.28049849551177,frame_006788
269.0994176261924,-30.319112556877723,frame_006792
268.5133412523984,-31.367957150164465,frame_006796
267.92062551999123,-32.43186146988017,frame_006800
267.3212259289152,-33.50422945890603,frame_006804
266.712894261471,-34.58672736819363,frame_006808
266.0978789240199,-35.679332323287205,frame_006812
265.47913229451166,-36.77757978367183,frame_006816
264.8559641786725,-37.88251348273033,frame_006820
264.22606764801606,-38.99762130363838,frame_006824
263.595481064159,-40.11837161243946,frame_006828
262.9648947542926,-41.24574103000926,frame_006832
262.32753558468295,-42.378231189673706,frame_006836
261.68953069952784,-43.51587553744847,frame_006840
261.0515260291588,-44.66007187953232,frame_006844
260.39988731759945,-45.80942264243637,frame_006848
259.7470457743409,-46.963961154949885,frame_006852
259.09420437252965,-48.124984547908255,frame_006856
258.43450187341057,-49.29119590605399,frame_006860
257.7710678009884,-50.45782859887134,frame_006864
257.1033893681909,-51.62446144685172,frame_006868
256.4357117059804,-52.80153697747519,frame_006872
255.7648152759226,-53.98182147360193,frame_006876
255.0897189565651,-55.16528139352189,frame_006880
254.42157374906697,-56.34874165210255,frame_006884
253.74737022535209,-57.53466911688362,frame_006888
253.06485531119893,-58.72373839929816,frame_006892
252.39633105532997,-59.91809631660171,frame_006896
251.72534744470437,-61.11527562315131,frame_006900
251.0502530107416,-62.315563317357935,frame_006904
250.3751582093909,-63.52117296412085,frame_006908
249.69671189667488,-64.72706985482628,frame_006912
249.01419941894383,-65.93296706452571,frame_006916
248.3246032533483,-67.14421989764837,frame_006920
247.64146485562765,-68.35572628136543,frame_006924
246.96637150557996,-69.56723280576252,frame_006928
246.28415059352704,-70.78412864401781,frame_006932
245.60507965180344,-71.9986431469559,frame_006936
244.92998673778692,-73.2101502684286,frame_006940
244.2477222087665,-74.42708036173389,frame_006944
243.5652115818501,-75.64419699263505,frame_006948
242.88270130848005,-76.86131385885193,frame_006952
242.20019105484047,-78.08934301230174,frame_006956
241.51415146985272,-79.31500948266064,frame_006960
240.82422284607364,-80.53773580550582,frame_006964
238.7910269231776,-84.17041210695896,frame_006968
237.3862439935845,-86.67464985646906,frame_006972
236.6888984992108,-87.90859541088938,frame_006976
236.01346944879177,-89.1425409782413,frame_006980
235.35285332274444,-90.3546023366794,frame_006984
234.707439041324,-91.54367750516892,frame_006988
234.1208214794617,-92.57160758435836,frame_006992
233.5713805301488,-93.50941577206213,frame_006996
233.05949926545452,-94.3563523968757,frame_007000
232.6363465812519,-95.04676061772848,frame_007004
232.24685053861836,-95.66097801594654,frame_007008
231.89097726692205,-96.19908317799306,frame_007012
231.6164895805066,-96.60852981799285,frame_007016
231.3757636930255,-96.95557975556638,frame_007020
231.16836396835097,-97.24032041427006,frame_007024
230.9977348697983,-97.37493404460386,frame_007028
230.80812594572373,-97.44641347612271,frame_007032
230.59953254969784,-97.45631985305712,frame_007036
230.33245731334097,-97.37780001656908,frame_007040
230.03465994753253,-97.27024740982397,frame_007044
229.70670343021308,-97.13436755149948,frame_007048
229.30608877440983,-96.93806407252468,frame_007052
228.86274334488192,-96.71239244867458,frame_007056
228.3787449576108,-96.45910630455762,frame_007060
227.8297543499447,-96.17306357240822,frame_007064
227.26111932192052,-95.87810998159432,frame_007068
226.67406851017915,-95.57469318269908,frame_007072
226.0583097538693,-95.25499862787136,frame_007076
225.4266577346721,-94.9292963317472,frame_007080
224.78065178302876,-94.59795183355357,frame_007084
224.1203804653773,-94.25582243728591,frame_007088
223.44805617295705,-93.91065568434372,frame_007092
222.7645373276781,-93.56291778456612,frame_007096
222.0597540453172,-93.21518011871092,frame_007100
221.35090851936064,-92.85822919734518,frame_007104
220.6379564006569,-92.49366502736515,frame_007108
219.9109167177856,-92.12910095277068,frame_007112
219.17566408019988,-91.76143228563296,frame_007116
218.43336761211316,-91.39062547205351,frame_007120
217.68407194921272,-91.00923513663956,frame_007124
216.93062528309545,-90.62784471212328,frame_007128
216.1729832826386,-90.2464542273512,frame_007132
215.4014314148069,-89.8650638909673,frame_007136
214.6298796773032,-89.47733008419377,frame_007140
213.85782001134956,-89.08472212509646,frame_007144
213.07884998867647,-88.6921142535792,frame_007148
212.3041198127084,-88.29309579238071,frame_007152
211.5320164895387,-87.88927026160846,frame_007156
210.7530466903776,-87.48544460263709,frame_007160
209.965508968012,-87.07838014850057,frame_007164
209.1717017724044,-86.66894573235443,frame_007168
208.37789419669625,-86.25951102194107,frame_007172
207.57975839510368,-85.846803943663,frame_007176
206.7778911345578,-85.43127569427739,frame_007180
205.96924626834632,-85.01062331530788,frame_007184
205.15622868024727,-84.5899709063229,frame_007188
204.33947954293507,-84.16828182332075,frame_007192
203.51599710789253,-83.73641164121693,frame_007196
202.69693174516053,-83.30454128761221,frame_007200
201.88013799605304,-82.87267081774368,frame_007204
201.05665566066529,-82.44080035041402,frame_007208
200.22871170315656,-82.00555673455563,frame_007212
199.3978104533065,-81.56749185496258,frame_007216
198.566909137118,-81.12440341628094,frame_007220
197.7405134714,-80.68131472682843,frame_007224
196.9170305031955,-80.23822586672195,frame_007228
196.09354773293845,-79.79513693774472,frame_007232
195.2655147330745,-79.35204797412308,frame_007236
194.43547639788773,-78.90895895196539,frame_007240
193.61199353457076,-78.46586965108445,frame_007244
192.78391604995855,-78.02278030974283,frame_007248
191.9530144999486,-77.57900482375877,frame_007252
191.12211280588733,-77.13030640632415,frame_007256
190.29121114917297,-76.68511517494949,frame_007260
189.46221325698767,-76.24130574598163,frame_007264
188.6461491320316,-75.79260688308133,frame_007268
187.8207183015748,-75.34744889814301,frame_007272
186.9908131874664,-74.90360569354557,frame_007276
186.1673305320645,-74.45490664843796,frame_007280
185.3438477648067,-74.00620745094886,frame_007284
184.52140554581888,-73.55672137115747,frame_007288
183.70534130862563,-73.10241296744437,frame_007292
182.8845050138586,-72.64810455163021,frame_007296
182.05993722235465,-72.19379610947897,frame_007300
181.22903563970632,-71.73948755276206,frame_007304
180.40295074767917,-71.28517888700995,frame_007308
179.5794680747925,-70.83172399625414,frame_007312
178.75598535468438,-70.38302390959906,frame_007316
177.9276416930472,-69.93064870430032,frame_007320
177.09674029137747,-69.47722709517245,frame_007324
176.2658390788125,-69.02852683062137,frame_007328
175.43493783016575,-68.58353505127407,frame_007332
174.60281841661669,-68.13952244475762,frame_007336
173.76449848598443,-67.69082191310797,frame_007340
172.93112820776284,-67.24212119996706,frame_007344
172.09896443130864,-66.79342039941555,frame_007348
171.2606447274385,-66.34471961408059,frame_007352
170.42232497642,-65.8960186958698,frame_007356
169.5853121393616,-65.4463295967477,frame_007360
168.75441118839467,-64.99201957437022,frame_007364
167.91847176774166,-64.53770948088457,frame_007368
167.08285469647947,-64.08339929780018,frame_007372
166.25937246282416,-63.629088863244895,frame_007376
165.42572454827376,-63.17477841057199,frame_007380
164.58880062475436,-62.72046791902169,frame_007384
163.75789990195565,-62.26615729562799,frame_007388
162.92699915050105,-61.80797015140531,frame_007392
162.09465833368236,-61.34696173140251,frame_007396
161.25633890450425,-60.88143313737179,frame_007400
160.4180197138979,-60.41590450853987,frame_007404
159.58266950329678,-59.9492534991188,frame_007408
158.7591877904958,-59.47811567699798,frame_007412
157.93570600810844,-59.01092120683102,frame_007416
157.11375297424874,-58.54539195486802,frame_007420
156.29768964781508,-58.07986244645364,frame_007424
155.49214709853473,-57.61830979787009,frame_007428
154.6893480453335,-57.158388842727085,frame_007432
153.8807035112807,-56.69846781357605,frame_007436
153.07736380442864,-56.23854664681227,frame_007440
152.2745204626958,-55.77984835282964,frame_007444
151.46587586685874,-55.32553582165618,frame_007448
150.65188228936103,-54.86717909887187,frame_007452
149.83748116922118,-54.40600111243259,frame_007456
149.0288368163594,-53.940470615714304,frame_007460
148.21479891761135,-53.47086230044129,frame_007464
147.398735811279,-52.99972277616549,frame_007468
146.58267270490597,-52.52858311719845,frame_007472
145.76660965277784,-52.0492207849865,frame_007476
144.95054660650538,-51.5668632051406,frame_007480
144.13448351522115,-51.08450547290504,frame_007484
143.3129382730501,-50.61043737116807,frame_007488
142.49125179530873,-50.13929726484394,frame_007492
141.67518903901737,-49.668157027110894,frame_007496
140.85912627144896,-49.19701665517638,frame_007500
140.04490309243477,-48.72587621458758,frame_007504
139.23625942641357,-48.25473570511709,frame_007508
138.42761572418905,-47.79201895426127,frame_007512
137.61897206933213,-47.33352026549335,frame_007516
136.81032858891697,-46.87920608859526,frame_007520
135.99606957844287,-46.42913729480305,frame_007524
135.1819354939514,-45.97751607203317,frame_007528
134.37329183941816,-45.51759262984717,frame_007532
133.5703080616369,-45.06622717132553,frame_007536
132.76513792987464,-44.61602987060142,frame_007540
131.9490756377642,-44.16171504441971,frame_007544
131.14442184062474,-43.707400056719344,frame_007548
130.3391630620711,-43.25003507578612,frame_007552
129.52310082340625,-42.78450217697922,frame_007556
128.70129011617823,-42.32331538966559,frame_007560
127.87780927601614,-41.86494974797044,frame_007564
127.0543283913658,-41.410634335881326,frame_007568
126.28877744962674,-40.98259697456687,frame_007572
125.57107117227724,-40.58263112289127,frame_007576
124.93305920240655,-40.23488340581019,frame_007580
124.37093281793231,-39.94892127268441,frame_007584
123.8594670283645,-39.70733283943229,frame_007588
123.42176149211022,-39.533459559987925,frame_007592
123.0252283674707,-39.44407615722449,frame_007596
122.65042726686248,-39.4132734161625,frame_007600
122.30174741718292,-39.46936421884372,frame_007604
121.9649202078853,-39.62402384925576,frame_007608
121.63331747592191,-39.83905766538107,frame_007612
121.30689498511224,-40.136330839420125,frame_007616
120.97450245249242,-40.519369308516254,frame_007620
120.62696196550344,-40.94737968532399,frame_007624
120.24860914191903,-41.42974669690514,frame_007628
119.86424208915815,-41.98487410859735,frame_007632
119.46916060794216,-42.57810184100512,frame_007636
119.05371514062006,-43.21751831737787,frame_007640
118.62009244343535,-43.9027457527701,frame_007644
118.17527545607392,-44.61977242114091,frame_007648
117.71531906400888,-45.38258532201351,frame_007652
117.23094859927868,-46.19154477590012,frame_007656
116.73406863699496,-47.02323581201478,frame_007660
116.22218220767049,-47.88140069956688,frame_007664
115.69185216000912,-48.77210316294058,frame_007668
115.1454060524753,-49.68255445381647,frame_007672
114.57417090777813,-50.6192448328042,frame_007676
113.9905513086602,-51.58870762610341,frame_007680
113.40197410092264,-52.57413107380136,frame_007684
112.80848380336792,-53.57812897647385,frame_007688
112.19628347679765,-54.61041894893389,frame_007692
111.57543833539766,-55.655781274791046,frame_007696
110.94485530554216,-56.71586904204904,frame_007700
110.30171025529124,-57.79970134940938,frame_007704
109.64850832272909,-58.89567885725975,frame_007708
108.98083245764585,-60.00624760976279,frame_007712
108.3005058150288,-61.14072869424225,frame_007716
107.62063134930698,-62.287321331643774,frame_007720
106.94553748645664,-63.44837081708302,frame_007724
106.25133418425293,-64.62386860514731,frame_007728
105.55130195049456,-65.809858590423,frame_007732
104.84653405891262,-67.01017133546625,frame_007736
104.14176650248304,-68.22018340989872,frame_007740
103.43699920140706,-69.43996181177312,frame_007744
102.73223224933962,-70.67392873215051,frame_007748
102.02100700885072,-71.9176621951208,frame_007752
101.30882188621494,-73.16703827678401,frame_007756
100.59663693483802,-74.4234415492287,frame_007760
99.88445242534264,-75.68967844168806,frame_007764
99.17226797129352,-76.95304212551602,frame_007768
98.4600835061735,-78.20944600082457,frame_007772
97.74789950161932,-79.46585033447133,frame_007776
97.03285541277934,-80.72009242042118,frame_007780
96.31325307641949,-81.9708884096739,frame_007784
95.58705919294373,-83.226668491305,frame_007788
94.86294324376377,-84.48307391847696,frame_007792
94.14334158567804,-85.73947954192585,frame_007796
93.41710389356048,-87.00090271065316,frame_007800
92.69303285449077,-88.26291762142138,frame_007804
91.97343167433748,-89.52493267167993,frame_007808
91.26051150543904,-90.7919988795552,frame_007812
90.5453361940939,-92.05736018984378,frame_007816
89.82573571495699,-93.31937600750538,frame_007820
89.11286058164076,-94.58647648663802,frame_007824
88.40371710923907,-95.85639823004313,frame_007828
87.69895466167222,-97.12963216907497,frame_007832
86.98742312677422,-98.39263069429666,frame_007836
86.27524235553113,-99.65231722521168,frame_007840
85.56306173933231,-100.9087253287779,frame_007844
84.8440676678103,-102.16513382535088,frame_007848
84.12759537781739,-103.42390631303834,frame_007852
83.41541550323187,-104.68592405253897,frame_007856
82.68951965459607,-105.94275727539672,frame_007860
81.96884457028565,-107.1967693215164,frame_007864
81.25666514438095,-108.44756985740302,frame_007868
80.5375836139993,-109.70358946792189,frame_007872
79.82120136232288,-110.95999952065468,frame_007876
79.1090227069633,-112.2164097243575,frame_007880
78.3968444156998,-113.47282033763516,frame_007884
77.68140660154623,-114.72923120814188,frame_007888
76.96180997367841,-115.98564237135022,frame_007892
76.24221364819091,-117.24205386458344,frame_007896
75.52592156545919,-118.49846546800768,frame_007900
74.81374428728495,-119.75487718352636,frame_007904
74.09453173381384,-121.01660859546163,frame_007908
73.37493627474186,-122.27862983319872,frame_007912
72.65534100675174,-123.54065128285316,frame_007916
71.93574618035879,-124.79732059402762,frame_007920
71.21615149239462,-126.05116888924763,frame_007924
70.49655694361923,-127.30197364956769,frame_007928
69.78408705273965,-128.54739230381608,frame_007932
69.07191162184677,-129.79258858849224,frame_007936
68.35973634137271,-131.03778503350208,frame_007940
67.65472995543541,-132.27214176109362,frame_007944
66.96389970575073,-133.48243000827526,frame_007948
66.28881759465553,-134.66592829754018,frame_007952
65.6498002944071,-135.7785304304599,frame_007956
65.03296604696459,-136.8491243276912,frame_007960
64.4394874179375,-137.87557128872592,frame_007964
63.889552835164864,-138.82519851890572,frame_007968
63.36200689522825,-139.73262867184872,frame_007972
62.857550336615,-140.5964153577031,frame_007976
62.38230058159116,-141.40499528456994,frame_007980
61.914747383180334,-142.20449322723923,frame_007984
61.4548019866542,-142.9953630573938,frame_007988
60.98016456849966,-143.8140041365349,frame_007992
60.49440533070839,-144.64951831192386,frame_007996
59.997367775583655,-145.5020874925556,frame_008000
59.49294028405186,-146.3825958722328,frame_008004
58.98107805151253,-147.2772106650022,frame_008008
58.46173669620092,-148.1859318710411,frame_008012
57.92018894528153,-149.1226365893337,frame_008016
57.37489360608056,-150.07067591475572,frame_008020
56.82574556523769,-151.0300922346101,frame_008024
56.254524433766434,-152.0228873990845,frame_008028
55.6795112205019,-153.02141704001542,frame_008032
55.10076666113882,-154.0258277398539,frame_008036
54.51470932486722,-155.05788631455522,frame_008040
53.9209789460212,-156.09864732585882,frame_008044
53.32038371815176,-157.14742023150532,frame_008048
52.73432703274332,-158.19069710382257,frame_008052
52.16379407687626,-159.20756525069586,frame_008056
51.60857459978075,-160.1972829311262,frame_008060
51.09670183602096,-161.07229004688435,frame_008064
50.61230578394255,-161.8849721534954,frame_008068
50.15402936853336,-162.6385876188004,frame_008072
49.746013879877886,-163.28362576331915,frame_008076
49.36578590751799,-163.87463835308793,frame_008080
49.01082978938541,-164.41486789800362,frame_008084
48.68441592121941,-164.85798235879273,frame_008088
48.36201501162717,-165.24646769737976,frame_008092
48.04170938440716,-165.5836759022211,frame_008096
47.69303447213599,-165.81365044268588,frame_008100
47.32406534905401,-165.9853238935667,frame_008104
46.93643725340458,-166.10423630680077,frame_008108
46.51357063505888,-166.1378991411433,frame_008112
46.06198206495927,-166.1157256618359,frame_008116
45.584271507589385,-166.0440276378567,frame_008120
45.05753868155001,-165.8982062581252,frame_008124
44.50592105616928,-165.7178937109131,frame_008128
43.93007273585963,-165.50585206689476,frame_008132
43.2846372886799,-165.22541827421253,frame_008136
42.60147582550264,-164.9196320009955,frame_008140
41.88573898795919,-164.5908949340442,frame_008144
41.1216018587086,-164.21511130354148,frame_008148
40.33204780239213,-163.82331460589288,frame_008152
39.52175093414996,-163.41741206624485,frame_008156
38.69084416300097,-162.9855402391604,frame_008160
37.85565692507122,-162.55366836622622,frame_008164
37.01614483792172,-162.12134793938472,frame_008168
36.16298196205884,-161.6838677633487,frame_008172
35.30981915955832,-161.2496572251575,frame_008176
34.456656414484094,-160.81778566604015,frame_008180
33.603493721992024,-160.38591401749508,frame_008184
32.745961861386576,-159.95734565849213,frame_008188
31.88469849686844,-159.53056712801384,frame_008192
31.016698432549493,-159.09869542308763,frame_008196
30.15311213844585,-158.6701607151875,frame_008200
29.29253103006613,-158.24334880137977,frame_008204
28.43194983901007,-157.81147698208065,frame_008208
27.571368754743556,-157.38297563285985,frame_008212
26.71001690685967,-156.95671272015164,frame_008216
25.842017195030166,-156.53044974083403,frame_008220
24.97851991976791,-156.10418672191932,frame_008224
24.11793901677375,-155.67792368922483,frame_008228
23.25735817888257,-155.25166075266642,frame_008232
22.392230590835453,-154.82539782716114,frame_008236
21.52595026447245,-154.39913483208943,frame_008240
20.67278818701753,-153.97287125292289,frame_008244
19.81503492195839,-153.54313663527424,frame_008248
18.95535804479576,-153.1112642131124,frame_008252
18.102195898041693,-152.67939119443776,frame_008256
17.244398321340633,-152.25102296363812,frame_008260
16.384765970798398,-151.82404196482435,frame_008264
15.531603908935775,-151.3921687529984,frame_008268
14.67844179071687,-150.95675709223036,frame_008272
13.825279646610149,-150.51927464213486,frame_008276
12.972117548418996,-150.0817922080876,frame_008280
12.123679759938057,-149.64430944946037,frame_008284
11.276899283523855,-149.20682650111823,frame_008288
10.423737241625862,-148.76934352449774,frame_008292
9.570575154852271,-148.32825509396156,frame_008296
8.71849457296248,-147.88598067565528,frame_008300
7.872751335366517,-147.44849725641805,frame_008304
7.027008047815387,-147.00737475754042,frame_008308
6.181264738487669,-146.5642821039809,frame_008312
5.335521458604766,-146.1211891510024,frame_008316
4.489778205141412,-145.67809598894738,frame_008320
3.644034938405359,-145.23323311689117,frame_008324
2.798291526423065,-144.7789217830585,frame_008328
1.9574500412269409,-144.32831630402967,frame_008332
1.1179108288216169,-143.8777768967374,frame_008336
0.2721674030691503,-143.41785596690804,frame_008340
-0.573575987592383,-142.9579350837511,frame_008344
-1.4205784046848398,-142.49706232572032,frame_008348
-2.273740560096221,-142.03153250727237,frame_008352
-3.1219121661291864,-141.5622292390681,frame_008356
-3.968959059512436,-141.09109003638116,frame_008360
-4.822121217455591,-140.61995089298392,frame_008364
-5.670248438687919,-140.14500466133055,frame_008368
-6.517339686917494,-139.66927502583863,frame_008372
-7.370501728988938,-139.19813541427848,frame_008376
-8.218584463211196,-138.7231553869554,frame_008380
-9.062935653525932,-138.246406534003,frame_008384
-9.901260253009196,-137.76965741241085,frame_008388
-10.74470845088078,-137.29678185530332,frame_008392
-11.583268716370789,-136.82889960355263,frame_008396
-12.391917895515684,-136.37458557336836,frame_008400
-13.148885197229625,-135.95934450282826,frame_008404
-13.8670554465793,-135.57455472816693,frame_008408
-14.519909059252106,-135.24363528446636,frame_008412
-15.1206369204328,-134.95606536973244,frame_008416
-15.685574028503432,-134.69837562313262,frame_008420
-16.19746972859244,-134.48524266550103,frame_008424
-16.662053406232797,-134.2800578872138,frame_008428
-17.09462285203632,-134.0733943851248,frame_008432
-17.480400498306167,-133.8490413581027,frame_008436
-17.834370962716193,-133.60464735792434,frame_008440
-18.162724171422177,-133.34736681378578,frame_008444
-18.444640596753544,-133.07253075362362,frame_008448
-18.699829270202628,-132.77344449616209,frame_008452
-18.93470197426572,-132.45993801942345,frame_008456
-19.135013455181817,-132.12901052384734,frame_008460
-19.31376536883776,-131.76955644719465,frame_008464
-19.470779964223052,-131.39421546342376,frame_008468
-19.5820678871219,-131.00158760421238,frame_008472
-19.6770530126792,-130.5843069546446,frame_008476
-19.760843752445176,-130.15141949505764,frame_008480
-19.82762041261305,-129.69709204506137,frame_008484
-19.872482433600307,-129.21376821701986,frame_008488
-19.90241849450388,-128.71475882915195,frame_008492
-19.90984634638327,-128.19873110938914,frame_008496
-19.90622819718855,-127.66182398016412,frame_008500
-19.891475211253265,-127.10942222914149,frame_008504
-19.85439174271439,-126.53169506302125,frame_008508
-19.81174103088549,-125.93292074359547,frame_008512
-19.75971781958056,-125.32146152953572,frame_008516
-19.68554144752564,-124.69325263610304,frame_008520
-19.60575344332376,-124.04382886203696,frame_008524
-19.516459827139123,-123.37884325250133,frame_008528
-19.405190676630827,-122.68893451771696,frame_008532
-19.288265445798853,-121.98191978627354,frame_008536
-19.163670516028965,-121.2636197899496,frame_008540
-19.02272699511069,-120.52883847798752,frame_008544
-18.864681602238797,-119.77681667724664,frame_008548
-18.697455252680665,-119.01046498559217,frame_008552
-18.51941881889287,-118.21959327269396,frame_008556
-18.32414709142787,-117.42437740718374,frame_008560
-18.11973869209917,-116.61856053560504,frame_008564
-17.90460892570012,-115.78842481700748,frame_008568
-17.68368971264513,-114.94953458269808,frame_008572
-17.452732115495003,-114.10500168199296,frame_008576
-17.200508796356303,-113.2524295226328,frame_008580
-16.924949956027987,-112.4042678247366,frame_008584
-16.6387581727279,-111.55568130705248,frame_008588
-16.342022238206244,-110.70310877208712,frame_008592
-16.039408060279985,-109.8416473784878,frame_008596
-15.728680239268042,-108.97454331728576,frame_008600
-15.402269406919851,-108.09953429308338,frame_008604
-15.058090708929983,-107.22004716890795,frame_008608
-14.70271727936858,-106.3394286893183,frame_008612
-14.33179383153629,-105.45880990920676,frame_008616
-13.948936308032936,-104.57819112995648,frame_008620
-13.558615632056636,-103.6958486875466,frame_008624
-13.158017083811435,-102.80962093836196,frame_008628
-12.757418474085387,-101.9188483831812,frame_008632
-12.352171507612312,-101.02174025416346,frame_008636
-11.936735561568735,-100.11307708266072,frame_008640
-11.55157832468918,-99.19525754759918,frame_008644
-11.17560448298939,-98.27537706469909,frame_008648
-10.804680629248312,-97.3554963604542,frame_008652
-10.433756774794018,-96.42639182965672,frame_008656
-10.062832862626212,-95.49529352994752,frame_008660
-9.691908831049693,-94.56419532761215,frame_008664
-9.333273618297811,-93.6377431420199,frame_008668
-8.979644023214322,-92.71597021473714,frame_008672
-8.630975590553543,-91.80169951081383,frame_008676
-8.282307019619173,-90.88742894292832,frame_008680
-7.941143486762697,-89.97504994388204,frame_008684
-7.614730806374939,-89.06638868106658,frame_008688
-7.294551205878972,-88.16244041325781,frame_008692
-6.980649148902767,-87.26131368523663,frame_008696
-6.676492205455869,-86.36387135787267,frame_008700
-6.384890354756077,-85.4711754044745,frame_008704
-6.098161035241678,-84.57934226895877,frame_008708
-5.8162598551353,-83.68750928558666,frame_008712
-5.534358529345217,-82.79567630678804,frame_008716
-5.255091960805959,-81.90583552610245,frame_008720
-4.980609110889382,-81.0196117845214,frame_008724
-4.706126120009166,-80.13338807688815,frame_008728
-4.434322293204748,-79.24716448726329,frame_008732
-4.167257848427574,-78.36094109646416,frame_008736
-3.9001932025805863,-77.47956454276081,frame_008740
-3.638575715644169,-76.5989501103194,frame_008744
-3.3863483255790863,-75.71833582334497,frame_008748
-3.12766567512429,-74.83284115500182,frame_008752
-2.870787369850869,-73.95080362135721,frame_008756
-2.6185596105242865,-73.07579862856186,frame_008760
-2.372831274187632,-72.2007938771223,frame_008764
-2.128022002982828,-71.32791549311627,frame_008768
-1.8832125997960487,-70.45851977461612,frame_008772
-1.6449469989963117,-69.58912421928612,frame_008776
-1.4046993335473907,-68.71972864472926,frame_008780
-1.1598896172414832,-67.8503330046364,frame_008784
-0.9216680845514011,-66.98093750933994,frame_008788
-0.6813757258141799,-66.11154203756934,frame_008792
-0.4365657011700077,-65.24214657401339,frame_008796
-0.1917555396122059,-64.37275123834685,frame_008800
0.0530546812520785,-63.501128934754696,frame_008804
0.2978649675412286,-62.62612465447643,frame_008808
0.5493525196572087,-61.756168641904026,frame_008812
0.8015817564698551,-60.8822523392998,frame_008816
1.053811031527896,-60.00163928702227,frame_008820
1.3127619152521337,-59.12102621746615,frame_008824
1.572410099992077,-58.235824979596416,frame_008828
1.8320583266551176,-57.34399403536748,frame_008832
2.098472635025074,-56.46239406657351,frame_008836
2.3655399021935124,-55.58178124687726,frame_008840
2.632607254690388,-54.701168290774575,frame_008844
2.913295179006476,-53.81540652859897,frame_008848
3.1952001671149444,-52.92918472393295,frame_008852
3.4771052451099176,-52.04296292403316,frame_008856
3.7658650162538487,-51.14637631130545,frame_008860
4.0615238049466615,-50.24175236793177,frame_008864
4.365685185542581,-49.327485726899184,frame_008868
4.656048763169845,-48.41321949828351,frame_008872
4.948584718276738,-47.49166813766065,frame_008876
5.245327581455355,-46.56057453798359,frame_008880
5.562900623748512,-45.60848279649859,frame_008884
5.885155988453686,-44.65249166696236,frame_008888
6.211573959146615,-43.693353483825845,frame_008892
6.558955333991859,-42.72364917044749,frame_008896
6.914230872502016,-41.75329319221114,frame_008900
7.277742791488736,-40.78293721214324,frame_008904
7.655319146957185,-39.80726462338573,frame_008908
8.026978829553688,-38.8312998027634,frame_008912
8.390491091203222,-37.85533503663625,frame_008916
8.75400354742858,-36.88472059266998,frame_008920
9.11751609014932,-35.911802415602075,frame_008924
9.48102872451292,-34.935837892112225,frame_008928
9.844541551622664,-33.9598735455481,frame_008932
10.208054470766402,-32.98390925664708,frame_008936
10.571567487364222,-32.00794502607855,frame_008940
10.935080689633937,-31.026563642934068,frame_008944
11.298593999619843,-30.044990742754564,frame_008948
11.66210742420501,-29.0634179469338,frame_008952
12.040040343207806,-28.08184518206034,frame_008956
12.421913966853817,-27.100272467629495,frame_008960
12.8076839179521,-26.11869980799995,frame_008964
13.178945970051169,-25.13164291005003,frame_008968
13.553445644435811,-24.14446158450085,frame_008972
13.931797278774845,-23.157280338545423,frame_008976
14.317447518680623,-22.18113519750061,frame_008980
14.710440667333256,-21.213362939362742,frame_008984
15.111048855973662,-20.25422670673113,frame_008988
15.49697160032688,-19.26733285910086,frame_008992
15.879086990747291,-18.28015213419541,frame_008996
16.257439410307196,-17.292971515314637,frame_009000
17.012536798989522,-15.356317769582136,frame_009004
17.56204282899033,-13.983488423187032,frame_009008
17.90317432571354,-13.181608609987263,frame_009012
18.170247216451223,-12.497313349474751,frame_009016
18.396131835354623,-11.886623579663873,frame_009020
18.581083959783243,-11.3492867550157,frame_009024
18.699782881513716,-10.956658392863616,frame_009028
18.776805337385483,-10.62704982443262,frame_009032
18.812476009841756,-10.358894562430264,frame_009036
18.74570723480985,-10.16818955310132,frame_009040
18.6176078756807,-9.989076971968093,frame_009044
18.43009567999069,-9.820697632905176,frame_009048
18.140765220429344,-9.646819802199314,frame_009052
17.82429195166657,-9.464147070143362,frame_009056
17.480936322566464,-9.27315450337026,frame_009060
17.058068822913096,-9.071231913190465,frame_009064
16.615591673140436,-8.854483331024143,frame_009068
16.154221987850956,-8.623805910866533,frame_009072
15.649748499111713,-8.371402554401222,frame_009076
15.129409742141211,-8.107004153163016,frame_009080
14.593586468971742,-7.831109619789415,frame_009084
14.014925679559587,-7.528225407194817,frame_009088
13.42824350770891,-7.219276538600255,frame_009092
12.833451193963224,-6.904685104733233,frame_009096
12.210278122740112,-6.579364889088493,frame_009100
11.578994913879216,-6.247912900914788,frame_009104
10.939512806696555,-5.910540188309069,frame_009108
10.271827460484156,-5.5571749547390406,frame_009112
9.604142120977508,-5.20071024332434,frame_009116
8.9348076667299,-4.841112506782994,frame_009120
8.237447513043316,-4.470920172244988,frame_009124
7.535943539055563,-4.10386075390422,frame_009128
6.8293380406255695,-3.738241499485962,frame_009132
6.094884380882204,-3.356831029746129,frame_009136
5.3562425428137335,-2.972253974395186,frame_009140
4.613869184410087,-2.5844767836000484,frame_009144
3.864578199063945,-2.18623916631406,frame_009148
3.1068220567780385,-1.788001488536889,frame_009152
2.342693691535452,-1.3889390096797964,frame_009156
1.5785653685016063,-0.9794831981062264,frame_009160
0.8101600919282963,-0.5732609584742239,frame_009164
0.0374334767793769,-0.1689680689415615,frame_009168
-0.7489509357714009,0.2404879989639903,frame_009172
-1.5353353302478103,0.6499441445449159,frame_009176
-2.322353897694076,1.0598798413637558,frame_009180
-3.116156969809497,1.474945169357298,frame_009184
-3.9143257661098168,1.8900105810157704,frame_009188
-4.716226099829612,2.305589103292648,frame_009192
-5.524866555384517,2.7262637077253515,frame_009196
-6.333506987376904,3.146938394389556,frame_009200
-7.138532641453314,3.5648801764409166,frame_009204
-7.910079410813548,3.957510062273127,frame_009208
-8.596990651745154,4.299621942300059,frame_009212
-9.214537107473834,4.597674273208757,frame_009216
-9.719010019292618,4.805207391864264,frame_009220
-10.15150080945654,4.961719117107409,frame_009224
-10.525098516804022,5.077139102419798,frame_009228
-10.79959116674838,5.127620253437327,frame_009232
-11.019564639548229,5.147186546083544,frame_009236
-11.196471699256474,5.143950368944221,frame_009240
-11.307752521688968,5.115905464151926,frame_009244
-11.396095126870778,5.073986406989167,frame_009248
-11.467580942024846,5.022824682705358,frame_009252
-11.519512019232517,4.966734758138046,frame_009256
-11.576075151619802,4.89663648197593,frame_009260
-11.638259574194803,4.80739504162338,frame_009264
-11.719865615364707,4.644734218038066,frame_009268
-11.83888296336456,4.425503083140919,frame_009272
-11.986763499250127,4.161879475532055,frame_009276
-12.17965042765056,3.825339812423768,frame_009280
-12.40086210227349,3.442400530460018,frame_009284
-12.646530325103097,3.02122169552082,frame_009288
-12.943279334333967,2.527630096701163,frame_009292
-13.25432383116366,1.9980108983502995,frame_009296
-13.572250935214267,1.4524044386238868,frame_009300
-13.883837242268068,0.9307677291300236,frame_009304
-14.166566205434984,0.4745845941183028,frame_009308
-14.42690585063236,0.068335817744944,frame_009312
-14.649467465747025,-0.2569860664732485,frame_009316
-14.838051515290648,-0.5345996915237272,frame_009320
-15.001681465411629,-0.7728902918791121,frame_009324
-15.127799679623156,-0.9355512566581776,frame_009328
-15.224528020406002,-1.0500677318306657,frame_009332
-15.3012893693745,-1.1334018145815856,frame_009336
-15.353220434931345,-1.1838828117658138,frame_009340
-15.40020879868589,-1.2194158978503344,frame_009344
-15.444721130530798,-1.247460899259341,frame_009348
-15.489233416882229,-1.2755058974026268,frame_009352
-15.49883611304635,-1.322403551511153,frame_009356
-15.48101803209796,-1.386356017317173,frame_009360
-15.414249493199888,-1.487317975837842,frame_009364
-15.302197796340812,-1.622516711988327,frame_009368
-15.159250735967246,-1.7810741984663885,frame_009372
-14.973782722835308,-1.9717800991020464,frame_009376
-14.747707910195238,-2.1893494703551664,frame_009380
-14.493169328800342,-2.4277176762101047,frame_009384
-14.196420371586974,-2.70255845499846,frame_009388
-13.868950024944446,-2.996755176972485,frame_009392
-13.5190903478335,-3.3061417228030834,frame_009396
-13.133316651458154,-3.642681337553597,frame_009400
-12.716555302282082,-4.002649407694909,frame_009404
-12.277404637528594,-4.377311028384163,frame_009408
-11.802606256583262,-4.769940436932283,frame_009412
-11.301762918926396,-5.170446390279589,frame_009416
-10.800523671302914,-5.55933608491535,frame_009420
-10.340562838085813,-5.890266479185709,frame_009424
-9.9488958130411,-6.173534562778933,frame_009428
-9.608871350784405,-6.421763221669173,frame_009432
-9.356634686856111,-6.612468809226471,frame_009436
-9.178566554826396,-6.759114869361901,frame_009440
-9.04790840377438,-6.87594463249708,frame_009444
-8.98113980269893,-6.948861454188258,frame_009448
-8.951766156178255,-7.0056224361381,frame_009452
-8.948513381647496,-7.04859584418669,frame_009456
-8.985606925722145,-7.06542282634386,frame_009460
-9.028087016127625,-7.082249838993861,frame_009464
-9.07599801699415,-7.096507255091961,frame_009468
-9.13534777779744,-7.102116306481531,frame_009472
-9.18926663829575,-7.111831431932355,frame_009476
-9.241197677027635,-7.124367834338639,frame_009480
-9.29312873053098,-7.14119488523109,frame_009484
-9.334109216296984,-7.162161554330284,frame_009488
-9.371202808267093,-7.187301407525992,frame_009492
-9.408296391236274,-7.220955416140251,frame_009496
-9.43435064706968,-7.254609408600755,frame_009500
-9.460271753983678,-7.288263398008835,frame_009504
-9.497365319694842,-7.321917395054296,frame_009508
