translation_x,translation_y,translation_z,frame_numbers
0.004725388818833,-0.0988319758068621,0.0036191025197815,frame_000000
0.0007384862398253,-0.0941878319724337,0.0093565143951362,frame_000001
-0.0017429002833266,-0.0924426134635529,0.0148349952404319,frame_000002
-0.0029529730984059,-0.093114927433814,0.0200678527604878,frame_000003
-0.0031259345531958,-0.0957233810368114,0.0250683946601231,frame_000004
-0.0024959869954794,-0.0997865814261394,0.0298499286441571,frame_000005
-0.0012973327730401,-0.1048231357553921,0.0344257624174089,frame_000006
0.000235825766339,-0.110351651178164,0.0388092036846977,frame_000007
0.0018692862748748,-0.1158907348480494,0.0430135601508429,frame_000008
0.0033688464047841,-0.1209589939186425,0.0470521395206635,frame_000009
0.0045003038082836,-0.1250750355435377,0.0509382494989788,frame_000010
0.0050294561375901,-0.1277574668763292,0.054685197790608,frame_000011
0.0047221010449205,-0.1285248950706113,0.0583062921003704,frame_000012
0.0023437188912367,-0.1218316184577172,0.0617402239414259,frame_000013
-0.0010384138409231,-0.117176973598343,0.0652180486959076,frame_000014
-0.0047793633940996,-0.1118448017004934,0.06866778278606,frame_000015
-0.0096905878229448,-0.1013422929046953,0.0720213426610424,frame_000016
-0.0164821130255018,-0.0851327921108881,0.0753753858488521,frame_000017
-0.0257625326552869,-0.0637999117544666,0.0786957325837347,frame_000018
-0.0380390081815339,-0.0392202677418889,0.0817969273358197,frame_000019
-0.0537172685819554,-0.0097168127257118,0.084676418291785,frame_000020
-0.0723560833875041,0.026119172994249,0.087461569820288,frame_000021
-0.0925366687499681,0.0694280814552033,0.090329245212,frame_000022
-0.1176081909675695,0.1210819776666667,0.0928648037710516,frame_000023
-0.1483256861561799,0.1816845987500185,0.0951212029875896,frame_000024
-0.1844355734229448,0.2515713541111578,0.0973593021913157,frame_000025
-0.2235015766489593,0.3308093253793738,0.0996950571606847,frame_000026
-0.2661227798584285,0.4182111632168544,0.102195536455631,frame_000027
-0.3144787085529708,0.5111623511958386,0.1048238271602891,frame_000028
-0.36567664089407,0.6132207448792986,0.1076365947375043,frame_000029
-0.4191136885520036,0.7233926937255911,0.1107918725224905,frame_000030
-0.4748912838477312,0.8380574525781447,0.1145064107481376,frame_000031
-0.5357975459776624,0.9608357668206228,0.1185952985220911,frame_000032
-0.6034813820647158,1.0937073911320632,0.1230695005016364,frame_000033
-0.6771281622456767,1.2352594135649049,0.1280618797684259,frame_000034
-0.752932276246449,1.3838105935650675,0.1335120247972382,frame_000035
-0.8302851303910098,1.5395495988935093,0.1393842383932372,frame_000036
-0.9117751490438684,1.7026105934888365,0.1456628698853614,frame_000037
-0.9949185090264184,1.8690374227630704,0.1523473912025119,frame_000038
-1.0788118282553232,2.039016239033012,0.1594107137284632,frame_000039
-1.165587085038759,2.2210697968697795,0.1668716096900962,frame_000040
-1.2562341953616505,2.4078182499934893,0.1746913611645939,frame_000041
-1.3504460095681077,2.5960693389250977,0.1827425301892432,frame_000042
-1.444289178420823,2.780419197059835,0.1905411466547265,frame_000043
-1.539447789958658,2.9706441721701906,0.1982536074849645,frame_000044
-1.6363725826759612,3.1679328718123347,0.20599184166102,frame_000045
-1.7345056803306416,3.3683291413815173,0.2139213615506364,frame_000046
-1.8339960642533195,3.568811779666912,0.2216568247605043,frame_000047
-1.9363461982239107,3.770374437721797,0.2291327960200693,frame_000048
-2.041502192676971,3.9761012062698127,0.2368067912991837,frame_000049
-2.14850044138079,4.185120020682385,0.2445000746170945,frame_000050
-2.2571830904803942,4.396424652617796,0.252128272432628,frame_000051
-2.369783551555885,4.608874710208391,0.2596762692570691,frame_000052
-2.483564421538615,4.825017627923657,0.2670993683144738,frame_000053
-2.5974701710937924,5.045042073424885,0.2744078754577161,frame_000054
-2.7135820638125048,5.264853535955767,0.2817268583881697,frame_000055
-2.8319000993536387,5.486798204818969,0.2888425873324665,frame_000056
-2.9524242775218257,5.712063429625378,0.2956615839376536,frame_000057
-3.0751545982093766,5.940850456091423,0.3022957044855569,frame_000058
-3.1972015135230603,6.166785665314361,0.3086640721724719,frame_000059
-3.3173573455529413,6.38986905699365,0.3147143649761388,frame_000060
-3.437551205741248,6.616474249722307,0.320457469601409,frame_000061
-3.557630945974101,6.846399997874407,0.3258739817956051,frame_000062
-3.6774444180798618,7.07944505570735,0.3309888169247565,frame_000063
-3.796839473848727,7.315408177392981,0.3358018992338483,frame_000064
-3.915663966329147,7.550266126323267,0.3404274975611543,frame_000065
-4.0333121558613225,7.782220269248453,0.3447641639603563,frame_000066
-4.147931953336042,8.013620987653276,0.3485278894501488,frame_000067
-4.26002196120683,8.24586568097026,0.3519599316632298,frame_000068
-4.372861925622551,8.48131144017221,0.3553906007361611,frame_000069
-4.484218441708689,8.708985763621682,0.3585881196106599,frame_000070
-4.593939357383593,8.934926860034338,0.3614251027768076,frame_000071
-4.7027797070307855,9.161916951168203,0.363902142828943,frame_000072
-4.813987220669481,9.393849303589583,0.366179361971145,frame_000073
-4.925940252369857,9.62817648172656,0.3682640955348162,frame_000074
-5.03789327626719,9.863509890144496,0.3701459902995198,frame_000075
-5.149846292641951,10.099447037511634,0.3718474319969733,frame_000076
-5.261799304314163,10.332832559404084,0.373374469498349,frame_000077
-5.373752310249384,10.564660106218108,0.3747952379311613,frame_000078
-5.4857053072919,10.798147931395963,0.376246175980387,frame_000079
-5.597658296066844,11.032692298243882,0.3775865321082862,frame_000080
-5.709611277096325,11.267689469860166,0.3787731333084376,frame_000081
-5.8215642508336085,11.502535709253374,0.3798210637128943,frame_000082
-5.933517217830035,11.736627279463717,0.3806710834552353,frame_000083
-6.045470177858028,11.970560370912631,0.3812842568205007,frame_000084
-6.157423128620653,12.208228249098958,0.3815790848149657,frame_000085
-6.269376074553439,12.444330605808789,0.3816776511489226,frame_000086
-6.381329015156716,12.678874987766394,0.3815953821255184,frame_000087
-6.493281947043041,12.915079648829972,0.3813245694190765,frame_000088
-6.605234870639139,13.152340851687187,0.3809939424029386,frame_000089
-6.717187786420766,13.390054859221966,0.3806296159493904,frame_000090
-6.829140694968699,13.627617934579272,0.3800937753996628,frame_000091
-6.941093596583918,13.864426340070214,0.3797041312946885,frame_000092
-7.053046492961653,14.098890234798002,0.3795111224357801,frame_000093
-7.164999387412008,14.328260938764604,0.3792821429929413,frame_000094
-7.276952272348074,14.560052462092116,0.3791174087279378,frame_000095
-7.388905145743098,14.796257136659223,0.3791392370510201,frame_000096
-7.500858010183723,15.03351835200954,0.3794998259000596,frame_000097
-7.612810866150537,15.271232370809862,0.3802965034148777,frame_000098
-7.724763714348964,15.50879545615313,0.3814742952484123,frame_000099
-7.836716555665477,15.745603871528004,0.3828339202532299,frame_000100
-7.946588132344841,15.98105387653103,0.3846316196999862,frame_000101
-8.055433972029109,16.214755558856936,0.3869154803202657,frame_000102
-8.165991470506373,16.448457243783274,0.3896607278224588,frame_000103
-8.276027219044183,16.6839072508493,0.3925889454533363,frame_000104
-8.386444597885294,16.919729564390437,0.3955488257085526,frame_000105
-8.49982885874595,17.15317550748247,0.3985083966779685,frame_000106
-8.613794442447594,17.387937095761547,0.4016455338419838,frame_000107
-8.728347055490207,17.62342317062253,0.4047702878655597,frame_000108
-8.84429815833786,17.856683807997847,0.4075783629778184,frame_000109
-8.964439031042915,18.088456912610603,0.4101392356400559,frame_000110
-9.088322736726727,18.32054614854717,0.412354697523007,frame_000111
-9.213719034517968,18.5579180888876,0.4139619734111478,frame_000112
-9.341185801251886,18.79896444559466,0.4151791332542357,frame_000113
-9.471179482511472,19.0421155034498,0.4159588568284711,frame_000114
-9.60405509322801,19.285494647973024,0.4160450813935829,frame_000115
-9.740066210365477,19.53077892671768,0.4155326739874459,frame_000116
-9.878619452822296,19.78036316270964,0.414364699383543,frame_000117
-10.018143887974883,20.037532690070087,0.412286877059588,frame_000118
-10.16183652411257,20.30268581216269,0.4095154111694624,frame_000119
-10.310300244840912,20.577024972586145,0.4062409794991566,frame_000120
-10.4631293232069,20.85853519800796,0.4026773763051072,frame_000121
-10.617735337063063,21.1504389312977,0.3986813305636209,frame_000122
-10.774565221469691,21.451541277330715,0.3942993645006202,frame_000123
-10.9356463520635,21.75815441278662,0.38957430136782,frame_000124
-11.1000151185594,22.07289704421312,0.3849857625224265,frame_000125
-11.267513669593594,22.393970537702828,0.3806931567955772,frame_000126
-11.44037541873062,22.717083332625645,0.3764994794442198,frame_000127
-11.61378170928118,23.04531951053163,0.3726144308450062,frame_000128
-11.7877325387805,23.379270231102183,0.3690899748932808,frame_000129
-11.967046563280771,23.715109319100137,0.3659196317030133,frame_000130
-12.14660083692909,24.05256424439873,0.3634393332773762,frame_000131
-12.326091059535347,24.39301857087854,0.3616968566796658,frame_000132
-12.510031585280544,24.735663132204053,0.3603180711136021,frame_000133
-12.697965961933075,25.08492617009643,0.3595246450467013,frame_000134
-12.888530565721068,25.4397939072091,0.3593392217379227,frame_000135
-13.077869088687429,25.795907692318824,0.3595932024259716,frame_000136
-13.266994584088913,26.15259670794473,0.3602599569289599,frame_000137
-13.456043986748629,26.509055971668417,0.3612491070099856,frame_000138
-13.644408707118242,26.864346336755528,0.3622947834228716,frame_000139
-13.831480148867218,27.22121648160647,0.3636277738322004,frame_000140
-14.016649718139451,27.58125624619009,0.3651874699258056,frame_000141
-14.199308823078622,27.945069367515288,0.3667020661301218,frame_000142
-14.381738419845025,28.30943759526096,0.3682258030430353,frame_000143
-14.564537592630876,28.673367279777068,0.3697579080851466,frame_000144
-14.745168636137224,29.040013781728565,0.3712126104800362,frame_000145
-14.921093852538416,29.409779586767268,0.3725296172161986,frame_000146
-15.09381950631717,29.781867262310342,0.3736439218165511,frame_000147
-15.269026422892075,30.152182308444385,0.3746668487408348,frame_000148
-15.444636511750128,30.52307091036136,0.3756654563074152,frame_000149
-15.620193328705506,30.89452049015245,0.3765718827722497,frame_000150
-15.796862079422366,31.262235295446047,0.3771015849554353,frame_000151
-15.970938597112482,31.62836025903628,0.3776031612051457,frame_000152
-16.142118585448685,31.993881483652853,0.3780836585927442,frame_000153
-16.313497619751914,32.358798976599026,0.3782652217959146,frame_000154
-16.483301909198865,32.72311273310273,0.3784364679662538,frame_000155
-16.65154096025058,33.08802267998015,0.3787248799966125,frame_000156
-16.821462485999444,33.45802582651822,0.3790337299009912,frame_000157
-16.993526100133636,33.83117847644979,0.3794741807901292,frame_000158
-17.165930760840375,34.20450973627208,0.3800410258931729,frame_000159
-17.335939093853785,34.571578899438144,0.3805922426534057,frame_000160
-17.503703231252448,34.93882666657505,0.3811362859354464,frame_000161
-17.669375316084,35.30823782358236,0.3816737104853296,frame_000162
-17.833107496562544,35.67961112525087,0.3821925184602697,frame_000163
-17.997133179402237,36.04999245723751,0.3829458783528326,frame_000164
-18.161294508233,36.4205767154087,0.3839200938325167,frame_000165
-18.324627873212908,36.794783398361176,0.3848094918653061,frame_000166
-18.486271105363247,37.17221001146966,0.3857699034560066,frame_000167
-18.645463470773223,37.551467957188976,0.3868357233829361,frame_000168
-18.801545670663703,37.9300097989483,0.3879750029007589,frame_000169
-18.953959818981847,38.31172879855134,0.389491752116416,frame_000170
-19.103156652434148,38.69722114724055,0.3913575497338259,frame_000171
-19.25218102986529,39.08588311659932,0.3932981997706801,frame_000172
-19.40139113100965,39.47711097054803,0.3954290825521666,frame_000173
-19.54973143644188,39.86931486523944,0.397769686293539,frame_000174
-19.6961876378053,40.2597461173033,0.4002656045204508,frame_000175
-19.8349774911844,40.64934385688449,0.4030532578808056,frame_000176
-19.96534025332988,41.03989916869399,0.4061146501667483,frame_000177
-20.09153668317008,41.43422782815959,0.4091482980188213,frame_000178
-20.21097837530636,41.8313235976846,0.4123637716018524,frame_000179
-20.324416564289177,42.22919414666052,0.4157984325304853,frame_000180
-20.434487214689955,42.62468831117221,0.419359859953129,frame_000181
-20.539058351939527,43.02109561239155,0.4231176011930964,frame_000182
-20.638430467544065,43.41840850507486,0.4269748267397547,frame_000183
-20.7322960980312,43.81541951685104,0.4306778872360869,frame_000184
-20.82253046482301,44.21199029537361,0.4343107324148189,frame_000185
-20.90959000760148,44.60990689608728,0.4379535131187059,frame_000186
-20.992512394621347,45.009030958382986,0.4417312082103686,frame_000187
-21.07540751190406,45.40815502036707,0.4456340301984376,frame_000188
-21.159188244742364,45.80727153808938,0.4496366125314461,frame_000189
-21.241570470044344,46.20967003483,0.4535516256018108,frame_000190
-21.3203715241635,46.60944645661103,0.457663569954607,frame_000191
-21.39664693124656,47.00600461620683,0.461975617848985,frame_000192
-21.473235500191908,47.401959040434086,0.4662866788868932,frame_000193
-21.550187939358,47.79992424454768,0.4708184736244392,frame_000194
-21.62691087729989,48.19930403658434,0.4755275948293193,frame_000195
-21.702036275517003,48.59419436971351,0.4800315161186814,frame_000196
-21.779166845095137,48.98788478185863,0.4845253525642313,frame_000197
-21.85860688025021,49.38036772721241,0.489028064553261,frame_000198
-21.937362249649965,49.77043572413156,0.4934091354535674,frame_000199
-22.01243881407502,50.16070328025582,0.4976492664688049,frame_000200
-22.08488638897537,50.55177413620727,0.5017030941445098,frame_000201
-22.15992933952477,50.94224126538338,0.5055180735129066,frame_000202
-22.23503312935221,51.33620336342644,0.5091733394273236,frame_000203
-22.309446540657635,51.7304857777988,0.5126363825769686,frame_000204
-22.38565657243441,52.11831660001491,0.5157253208052877,frame_000205
-22.45919958021148,52.50700858058206,0.5185307933500158,frame_000206
-22.53053199961975,52.898352807368425,0.5210830322448681,frame_000207
-22.605030347327062,53.28879144136519,0.5233203216155113,frame_000208
-22.680312259432032,53.67476661741746,0.5254957035599732,frame_000209
-22.754871471372272,54.05806941720221,0.5276680570563912,frame_000210
-22.82794722441619,54.446012604026166,0.5297649664861025,frame_000211
-22.901668323707067,54.83564625927262,0.5316227804608826,frame_000212
-22.976481711296568,55.22419319402659,0.533214703575654,frame_000213
-23.049697557815875,55.60870347270681,0.5346838885223829,frame_000214
-23.12278850867525,55.99266787398451,0.5360756605642999,frame_000215
-23.19499762817576,56.377480021646434,0.5373898930548457,frame_000216
-23.26637879562172,56.76663069039767,0.5384724231118649,frame_000217
-23.33500608818375,57.15716994740106,0.5394186162078799,frame_000218
-23.39982969504232,57.54730670310995,0.5402136173825333,frame_000219
-23.46054532495446,57.93623597537192,0.5406803663580463,frame_000220
-23.51765695935484,58.326974772966494,0.5408858895932915,frame_000221
-23.57386901490898,58.71932940559883,0.5408443499842335,frame_000222
-23.63130712800873,59.10779832770641,0.5404650358967142,frame_000223
-23.68433804981044,59.49332066698994,0.5397732888514146,frame_000224
-23.7346106689016,59.87768751526274,0.5387905836025335,frame_000225
-23.789731699197528,60.263714659797145,0.5375187517955976,frame_000226
-23.8446796426643,60.65421784636001,0.5359831898536888,frame_000227
-23.89780180632564,61.04760219801276,0.5341429230370103,frame_000228
-23.949098223317247,61.4336679140534,0.5318843405218376,frame_000229
-23.99856886247128,61.82167145436874,0.5295120444696086,frame_000230
-24.047120896408178,62.21320266231003,0.527080435491534,frame_000231
-24.098154200974047,62.60235750465783,0.5244850272366298,frame_000232
-24.1522805107463,62.9951783849216,0.5217815096814511,frame_000233
-24.207850935788148,63.39047543252099,0.5189706103466798,frame_000234
-24.262280254641603,63.78577247931456,0.5159368445712744,frame_000235
-24.31587275623077,64.18241535632038,0.5127423927243114,frame_000236
-24.3696782602658,64.57862555754058,0.5094702333933541,frame_000237
-24.425622704067788,64.97125191640633,0.5062272735445306,frame_000238
-24.480762654538832,65.36740594265859,0.5029797349244869,frame_000239
-24.53374019372196,65.76867747189534,0.4997982528407846,frame_000240
-24.581611919973103,66.17130739135956,0.4968216581278316,frame_000241
-24.62838501849937,66.57153661366472,0.4939683676214951,frame_000242
-24.67405378368754,66.96975505220887,0.4912315231543009,frame_000243
-24.71618512378648,67.36857721532651,0.488620771670354,frame_000244
-24.75731672635681,67.76679563699359,0.4861916873644265,frame_000245
-24.797756697622027,68.16221673966069,0.4839851313499868,frame_000246
-24.83862396701212,68.55148810836255,0.4820523658362762,frame_000247
-24.87616808569679,68.94152000650963,0.4802199857702052,frame_000248
-24.91084928809684,69.33490095814555,0.4785126411524414,frame_000249
-24.95037888987499,69.7321676427065,0.4770679916668823,frame_000250
-24.98775878463369,70.12741599245145,0.4757615103166367,frame_000251
-25.02178701579971,70.5190637104805,0.4744815089779997,frame_000252
-25.056927193593232,70.9075803868865,0.4730866790438039,frame_000253
-25.09069233702423,71.29712341163194,0.4717389384476241,frame_000254
-25.123833665552954,71.68949142136721,0.4703750923569516,frame_000255
-25.158885701600248,72.08219988302982,0.4686501579559994,frame_000256
-25.1935136119404,72.47920494091376,0.4667707570403552,frame_000257
-25.22771359099452,72.8809040557669,0.464704436608,frame_000258
-25.26077247191382,73.28011443408157,0.462233152163511,frame_000259
-25.291977049886377,73.68253467893781,0.4594590482515381,frame_000260
-25.32297620949316,74.09034579540523,0.4564436291423635,frame_000261
-25.356456619721367,74.50045950946401,0.4532455002831081,frame_000262
-25.389427304134458,74.9189811009006,0.4499553470538763,frame_000263
-25.419935079406063,75.34550807101948,0.4466189778206482,frame_000264
-25.44838886738757,75.77313014658739,0.4432877597174901,frame_000265
-25.47808708434796,76.20137776545134,0.439994363177274,frame_000266
-25.50902972775197,76.63084711790256,0.4367460890589378,frame_000267
-25.53791836679977,77.06529729439691,0.4335455492312465,frame_000268
-25.566425358688782,77.50191253426598,0.4306960628176881,frame_000269
-25.594541200493747,77.93890174881936,0.4283513620234299,frame_000270
-25.619119624590976,78.37532577954721,0.4265911160606774,frame_000271
-25.641985107686786,78.81668618848228,0.4252734114385854,frame_000272
-25.66418746664136,79.2619767482013,0.4245842676298145,frame_000273
-25.686132450671707,79.70368344198926,0.4250767431370678,frame_000274
-25.707518939073683,80.14073296642475,0.426132735529762,frame_000275
-25.727437855887672,80.57311777396004,0.4275581938189779,frame_000276
-25.74741256219581,81.00399323429845,0.429367665050595,frame_000277
-25.76211728789016,81.4337618193715,0.4316227575884756,frame_000278
-25.77124773462864,81.86381212379948,0.4342829670726144,frame_000279
-25.77952107702842,82.29669160087737,0.4371930171044752,frame_000280
-25.783997102750966,82.72575410235149,0.4402826324623391,frame_000281
-25.78362028910124,83.15278568197245,0.4434056466281578,frame_000282
-25.78067472021729,83.58415577816372,0.446225101085588,frame_000283
-25.772676613179204,84.01597111294514,0.4490230139058206,frame_000284
-25.75902688975427,84.44862159791234,0.4517934988534196,frame_000285
-25.742466085775423,84.88485592635229,0.4543198320397431,frame_000286
-25.72096685837583,85.32098206854997,0.4567887141991346,frame_000287
-25.69422491589608,85.75639125532612,0.4591851195738082,frame_000288
-25.663659031000847,86.18953641688833,0.4613882127984468,frame_000289
-25.63089084090327,86.6188704822651,0.4634359665690661,frame_000290
-25.5960629831154,87.04498461178969,0.4652992138509317,frame_000291
-25.5563841982724,87.4686837799197,0.4668831696002998,frame_000292
-25.50926608213567,87.89352583060291,0.4684692255095212,frame_000293
-25.455459857008908,88.31990570904286,0.4702173708094689,frame_000294
-25.397601463882115,88.74715260557196,0.472085800391043,frame_000295
-25.33772143544937,89.17197699748222,0.4741397669050327,frame_000296
-25.27491640431676,89.594172604716,0.4764158232462106,frame_000297
-25.20680401612248,90.01259483333305,0.4790288487997219,frame_000298
-25.134094285242217,90.42885198118486,0.4814777074146089,frame_000299
-25.05753843354169,90.8435276648199,0.4836465506778157,frame_000300
-24.97647398637025,91.2563535482456,0.4859529870521177,frame_000301
-24.887551821399214,91.66719545620752,0.4884375083351693,frame_000302
-24.791669600950414,92.07703949637754,0.4910630533509852,frame_000303
-24.694102365516525,92.48816479628934,0.4936883521983092,frame_000304
-24.59256921958064,92.88996905272596,0.4964057965886925,frame_000305
-24.4866137224346,93.28285475589436,0.4991882775167253,frame_000306
-24.37760388567396,93.67822918727792,0.5020166945878531,frame_000307
-24.26016007776299,94.07354908544605,0.5050745884288372,frame_000308
-24.13548045979809,94.466625907221,0.5083847867536884,frame_000309
-24.008431173684063,94.8594746429956,0.5117605789376666,frame_000310
-23.87632242204957,95.24505084560876,0.5153195200933438,frame_000311
-23.73990543311321,95.62196592184502,0.5191129862533944,frame_000312
-23.601917560887856,95.99431439359118,0.5230079809229256,frame_000313
-23.457540203199525,96.3625029313324,0.5269181231509636,frame_000314
-23.3061704813252,96.72613407387225,0.5307759966237986,frame_000315
-23.149835735430766,97.08802778322386,0.5345363159171455,frame_000316
-22.985795429331663,97.44851946115868,0.5382165699180421,frame_000317
-22.81555581475655,97.8070129228758,0.5417905929683986,frame_000318
-22.64500053214759,98.15988324977376,0.5452136404045266,frame_000319
-22.47245723394181,98.50914541074324,0.548381863204902,frame_000320
-22.29642537956472,98.85399945707272,0.5508334869449909,frame_000321
-22.11386013820308,99.19485207788422,0.5516473326284432,frame_000322
-21.92470762507797,99.53237827577968,0.5514884815283155,frame_000323
-21.73137746058836,99.86538315337084,0.5509060414741399,frame_000324
-21.53741845833952,100.1927263194525,0.5504762431958296,frame_000325
-21.34080327598455,100.510782825185,0.5504690445478962,frame_000326
-21.14138927340223,100.82034507135288,0.5511278828120506,frame_000327
-20.94237341764777,101.1246984013288,0.5526460999171494,frame_000328
-20.74218480793386,101.4197524824552,0.5555818573426929,frame_000329
-20.5402300735382,101.70510984966435,0.5601266563122189,frame_000330
-20.336762768804835,101.98808746368884,0.5661651589550113,frame_000331
-20.12924839319716,102.26707702484735,0.5739088346319017,frame_000332
-19.91784290066941,102.54069748474944,0.5833806522653168,frame_000333
-19.70843309797189,102.80552517087294,0.5944748159929615,frame_000334
-19.49716714755837,103.06102341348031,0.6073552406194038,frame_000335
-19.282852598172195,103.30897575290378,0.6217765086961481,frame_000336
-19.0682806848124,103.55575582373476,0.6372949539194398,frame_000337
-18.851373347330338,103.7988119945375,0.6537663013912531,frame_000338
-18.631835800542643,104.03894421992425,0.6709532752402687,frame_000339
-18.41261144393482,104.27628248382148,0.6885979601802168,frame_000340
-18.19385559947333,104.50740309842745,0.7063506247007046,frame_000341
-17.97437011424132,104.73329971798412,0.7238274902995164,frame_000342
-17.754513161427113,104.9574589339648,0.7406075970075079,frame_000343
-17.532663115655758,105.17981366626086,0.7562941600069144,frame_000344
-17.308074465249142,105.39837913511089,0.7704002917455712,frame_000345
-17.080747226338822,105.60698297650656,0.7823805098848443,frame_000346
-16.85068137383908,105.8153554010991,0.7933743530771261,frame_000347
-16.61952959284216,106.02369010490222,0.8038078621762408,frame_000348
-16.392313358851492,106.2247414187755,0.8135455853694201,frame_000349
-16.162234274608043,106.41797267356294,0.8225990795056363,frame_000350
-15.929744971553614,106.60418130554427,0.830974744737462,frame_000351
-15.699508717489012,106.78759599804316,0.8387022864780538,frame_000352
-15.466348744816209,106.9661388776228,0.8459423130834564,frame_000353
-15.23071768801367,107.14001118914348,0.8527964851114306,frame_000354
-14.99565719755204,107.311693292809,0.8591595560292473,frame_000355
-14.76340065708034,107.47735900459588,0.8652785664837203,frame_000356
-14.533044698736608,107.6366133775838,0.8712081179296133,frame_000357
-14.302004104409225,107.7903955567756,0.8767899012615247,frame_000358
-14.070583159293337,107.94253172298946,0.8822252705755514,frame_000359
-13.83908615381564,108.09381931514524,0.8873821188474825,frame_000360
-13.607817381082516,108.2441241797378,0.8916865011342078,frame_000361
-13.377081143737096,108.38700560854085,0.8956311922680832,frame_000362
-13.147181733452191,108.52266484563148,0.8993488154917226,frame_000363
-12.91842342965861,108.65794508616452,0.9026793779765953,frame_000364
-12.691110530955646,108.78956099404355,0.905668767715192,frame_000365
-12.464640158943556,108.91672016224112,0.9083639013989118,frame_000366
-12.23591676463117,109.04304752140276,0.9108143085027024,frame_000367
-12.01087658925472,109.1644850451092,0.9130150750902336,frame_000368
-11.78355360352208,109.28191380484644,0.9149827210498824,frame_000369
-11.552798470292045,109.3954958446111,0.9166984781404688,frame_000370
-11.322163160469945,109.50779474294016,0.9183073124729128,frame_000371
-11.092706990301568,109.618907979203,0.9198312205468444,frame_000372
-10.864582119566489,109.72192109173736,0.9210023176884892,frame_000373
-10.637132412012363,109.81924734597165,0.9219903923542572,frame_000374
-10.409154007604773,109.9132614395604,0.9227974087677968,frame_000375
-10.183390606307178,110.00664498094544,0.9232748488426852,frame_000376
-9.959797834796818,110.09439658722737,0.92369363887085,frame_000377
-9.730770287240563,110.1785922258942,0.9240121281216076,frame_000378
-9.50063968903596,110.26080267011665,0.9242415319710906,frame_000379
-9.271488542228573,110.34010910814008,0.9243896805925708,frame_000380
-9.044366656613803,110.41413369627666,0.9244483553267938,frame_000381
-8.817930704441048,110.48375688184484,0.9243475607052176,frame_000382
-8.588378296105292,110.554644563145,0.924348796214198,frame_000383
-8.356809957840403,110.62304518849788,0.9243448833298402,frame_000384
-8.123394323064787,110.68632747403537,0.9241577513796349,frame_000385
-7.888080991180166,110.7469717673618,0.9241104031458288,frame_000386
-7.653193992615264,110.80497052292618,0.9242378353641318,frame_000387
-7.422257723203877,110.8627613354552,0.9242979425494592,frame_000388
-7.191621949600328,110.91531641543057,0.9242483536071008,frame_000389
-6.956464907912932,110.96534167373927,0.9242255486132782,frame_000390
-6.716848724030654,111.0133662200594,0.9241875318877872,frame_000391
-6.483913977718406,111.0588534026025,0.9242701699342976,frame_000392
-6.248320325322326,111.1020006966252,0.9239594213975958,frame_000393
-6.003703462388663,111.14388832664956,0.9231443466957442,frame_000394
-5.766317823790376,111.18194853079947,0.9221409196299408,frame_000395
-5.528571319850292,111.21607880012247,0.920761560167682,frame_000396
-5.286400856224532,111.24710151553982,0.9189270592499128,frame_000397
-5.049005723065258,111.27528500410448,0.9168296223851684,frame_000398
-4.812563724788397,111.30103175770388,0.9143322486138988,frame_000399
-4.571299965912771,111.32487843064284,0.9112755132525698,frame_000400
-4.325872481198416,111.34367385102608,0.9077511435251422,frame_000401
-4.0744517138775365,111.35722557447468,0.9038905951475532,frame_000402
-3.812401641116888,111.37037292946005,0.8995951999260348,frame_000403
-3.5467266897496543,111.38155437932494,0.8950640190140626,frame_000404
-3.279665942881828,111.39047371838478,0.8901567122200765,frame_000405
-3.008878888707185,111.394462552386,0.8849467481199529,frame_000406
-2.7277243461410428,111.39865012322988,0.8796238421734632,frame_000407
-2.435112571385084,111.403648556727,0.8741599519284999,frame_000408
-2.133133671452751,111.4073799931349,0.8685711481833698,frame_000409
-1.8243728577738425,111.41031819668436,0.8629765590874011,frame_000410
-1.5095525101566485,111.4130710961453,0.8575288922473574,frame_000411
-1.1895056286283097,111.41325644651458,0.8522811330687281,frame_000412
-0.8587070902967321,111.40725349995552,0.8472223656585799,frame_000413
-0.5165939539296147,111.40183836839827,0.8422872416425458,frame_000414
-0.1661672993565903,111.39741354357032,0.8375644359004147,frame_000415
0.184253018784967,111.38800790116022,0.8330739501945442,frame_000416
0.5369742304734113,111.37697805744182,0.8284847031861391,frame_000417
0.9016114923796488,111.36451771119062,0.8236560635301166,frame_000418
1.2690162298932115,111.34975479121348,0.8192915587792455,frame_000419
1.6408152973575112,111.33195139586748,0.81544356127578,frame_000420
2.024150052226991,111.31050379221216,0.8118222510579756,frame_000421
2.4089590436525543,111.28494241029452,0.8084989481183079,frame_000422
2.8001187134922843,111.25424362036338,0.8058554966575882,frame_000423
3.2052786819855896,111.2183086850005,0.8039117641629722,frame_000424
3.606395371198948,111.17950411195312,0.8026720793212734,frame_000425
4.011219354949223,111.13930130279122,0.8025942187703266,frame_000426
4.422770736466451,111.09590540150776,0.8037541955296944,frame_000427
4.840238075183347,111.04603107677266,0.8059224352546563,frame_000428
5.262607059957532,110.99310202410288,0.8089365175812296,frame_000429
5.688822177862922,110.9375131885502,0.812739097520043,frame_000430
6.119241607578842,110.87872791071456,0.8174456964070984,frame_000431
6.556910174460738,110.81647786614,0.823188104522267,frame_000432
7.002116960377754,110.74857702823014,0.8298568625071683,frame_000433
7.452525896084715,110.66865178500736,0.8371831961702525,frame_000434
7.905699461342949,110.5862311104725,0.845379303246285,frame_000435
8.359969756370417,110.50130745556775,0.8544120882186157,frame_000436
8.812853005245616,110.40643389283277,0.8639889768338485,frame_000437
9.266633301561326,110.3046945205887,0.8739717327530523,frame_000438
9.721000646302668,110.19806909497753,0.8843201639751692,frame_000439
10.1746364371762,110.08568135375444,0.8952571573094478,frame_000440
10.629010159442103,109.96692337341604,0.90646987792053,frame_000441
11.086765353778716,109.84264039414197,0.9177680820106422,frame_000442
11.55220934138158,109.71115244102828,0.9293114230998374,frame_000443
12.016949990672256,109.57496333367143,0.9407243913395722,frame_000444
12.46994243379436,109.43787282058042,0.9516848157502884,frame_000445
12.922744722295258,109.29381253101712,0.962348612986302,frame_000446
13.377438090604915,109.1427153853328,0.9728962305576366,frame_000447
13.831152683952844,108.98508260702424,0.9832889569851548,frame_000448
14.2743514765479,108.822508011798,0.9931680207406076,frame_000449
14.711870806438691,108.65805200952217,1.0025157298895646,frame_000450
15.156534692751208,108.4888412019061,1.0114229542263964,frame_000451
15.597432998497595,108.31155376794456,1.0194435677784586,frame_000452
16.03695125702973,108.125581784408,1.0266022828078545,frame_000453
16.47508376163526,107.93251006177957,1.0328461924496994,frame_000454
16.91101906308213,107.73226732423062,1.0381029149224137,frame_000455
17.34693665692819,107.52398150624086,1.042571824538573,frame_000456
17.782690104662393,107.30704886752729,1.0462993656126742,frame_000457
18.214221543554448,107.0811339910292,1.0491663876765212,frame_000458
18.64163557046393,106.8499917863902,1.051353998958385,frame_000459
19.06432740526797,106.61422095692724,1.0529581122984897,frame_000460
19.48402328535414,106.36724244957362,1.0538807523853078,frame_000461
19.905440370658688,106.111939114591,1.0544693893665706,frame_000462
20.32857865699433,105.85030327979418,1.054853707444067,frame_000463
20.74872097608296,105.58360948796955,1.0550102550441338,frame_000464
21.166222340868188,105.30957863391922,1.0548436278122508,frame_000465
21.582284702388787,105.02941064664311,1.05446374996877,frame_000466
21.99908753706091,104.74988163923736,1.0541026014225827,frame_000467
22.40609631826666,104.46788694783318,1.0538438402946924,frame_000468
22.798246476358067,104.18512960073218,1.05373853554527,frame_000469
23.19363358449648,103.89755327838508,1.054148638721082,frame_000470
23.59060052890686,103.60293421530363,1.0548339551749593,frame_000471
23.98525806566927,103.3039464530609,1.0557857744979695,frame_000472
24.37440920893786,103.00427780676353,1.057186429519186,frame_000473
24.75992916080767,102.70406244529916,1.0589609470645232,frame_000474
25.142112707139788,102.40250293210116,1.061125170172596,frame_000475
25.51821932543559,102.09577307497824,1.063716407749462,frame_000476
25.89058065932835,101.7829337334605,1.06673231893918,frame_000477
26.2599479306606,101.4643798558842,1.0700290818393503,frame_000478
26.62403703510167,101.14393762292497,1.0733483020915182,frame_000479
26.982746548578803,100.81912667795284,1.076867526486953,frame_000480
27.33682199193301,100.48875967308533,1.0806536717758777,frame_000481
27.687986423559185,100.15276953427276,1.0846612480645836,frame_000482
28.03608451330637,99.8139762172538,1.0885646912276048,frame_000483
28.382618712045947,99.47118483371683,1.0921509608962474,frame_000484
28.727839445143186,99.1211100530101,1.0952944524761732,frame_000485
29.07139170197091,98.76442269254576,1.0979357922276896,frame_000486
29.412216155789853,98.40291383341012,1.1001188086779212,frame_000487
29.74696367302485,98.03966755391906,1.1018203629306051,frame_000488
30.075276087217773,97.67146139968646,1.1032511520107973,frame_000489
30.39925871830706,97.29949027356456,1.1044608084036804,frame_000490
30.72215607252462,96.92744201613606,1.1054573840761208,frame_000491
31.03955528481565,96.55162878221589,1.106187707051402,frame_000492
31.35206495124197,96.16986957464484,1.1066449991616245,frame_000493
31.665315120936715,95.78324191956578,1.106828025303172,frame_000494
31.977278448756053,95.3902046014908,1.1067990326942845,frame_000495
32.28690512075115,94.99157517586625,1.1065884706507998,frame_000496
32.59399225393999,94.59245437836384,1.106344529194129,frame_000497
32.89843842152851,94.19150224811206,1.1060257274169818,frame_000498
33.200243623561704,93.7885376647642,1.1055443581690425,frame_000499
33.49950928704771,93.38436561087984,1.1049035517388623,frame_000500
33.79851950765312,92.97979107999171,1.1041373161554262,frame_000501
34.09652306339572,92.5746329490623,1.1030682905843274,frame_000502
34.391188317078424,92.1675512501537,1.1013268537437986,frame_000503
34.68317454202409,91.76364672049414,1.0992368318636525,frame_000504
34.97398797883234,91.36472302980168,1.0969061883519842,frame_000505
35.26611241717803,90.97138392854303,1.094252158246902,frame_000506
35.55437425419505,90.58148025787672,1.0911038534047377,frame_000507
35.838621339032215,90.19581197008644,1.0873704766092855,frame_000508
36.12372299064092,89.8141065673471,1.0830823586062006,frame_000509
36.40480988768968,89.43595733507298,1.0786909334204502,frame_000510
36.68112699581525,89.06296165607525,1.074296472100129,frame_000511
36.95444808206876,88.69679658579247,1.069987942322233,frame_000512
37.22375883082718,88.33793588724228,1.0655812201031865,frame_000513
37.48830802462865,87.98479474659577,1.0610183139024263,frame_000514
37.749062425915525,87.63757860440955,1.0563123328495163,frame_000515
38.007090245623246,87.29360587100547,1.051334438972413,frame_000516
38.262851735271255,86.95108546294374,1.0460178338881194,frame_000517
38.51923958465116,86.6089440841748,1.040282243229003,frame_000518
38.77437857546971,86.26966207825194,1.034131949633678,frame_000519
39.0273710364835,85.93442678958817,1.0275907243275857,frame_000520
39.27816625103219,85.60330529973805,1.0206451804415486,frame_000521
39.526814934656585,85.2762305274233,1.0132348090952563,frame_000522
39.7734692338502,84.95300122699936,1.005388486752351,frame_000523
40.01838272755504,84.63328199085558,0.9970607499258388,frame_000524
40.263991667065405,84.31660326017858,0.9882025616691528,frame_000525
40.50878980855116,84.00137518505949,0.978838964957108,frame_000526
40.747197824661534,83.68471489143388,0.9689069110990708,frame_000527
40.9814966048103,83.3738680725478,0.9584768607622906,frame_000528
41.21319239512042,83.06943846981135,0.9477930040023116,frame_000529
41.44314739116162,82.76538787629099,0.9370731037934285,frame_000530
41.66943565010568,82.46473747949875,0.926558874181882,frame_000531
41.89191453500592,82.16729106271374,0.9163561578123044,frame_000532
42.11367959353036,81.87365657099288,0.906535624129903,frame_000533
42.332957078359065,81.57880201422086,0.8970964340278831,frame_000534
42.54975649007288,81.28393486624915,0.8880657363413479,frame_000535
42.76732548320371,80.99650207712651,0.8791696724862436,frame_000536
42.98404242616301,80.71724154295931,0.8700702721644223,frame_000537
43.19841628997355,80.44457096050444,0.8607950250026416,frame_000538
43.408825477723695,80.17231794504568,0.8514960359865712,frame_000539
43.621407186689154,79.90430452652066,0.8419838331113555,frame_000540
43.83737856981107,79.64391164067771,0.8321450090218574,frame_000541
44.05303673521028,79.39442460131403,0.8219755460822724,frame_000542
44.27162940238923,79.15241973325736,0.811778626636349,frame_000543
44.49316608755257,78.91651598597588,0.8017240671663078,frame_000544
44.71587302198907,78.68510505867211,0.7918891785715859,frame_000545
44.94284572888307,78.46275105573275,0.7822848953080592,frame_000546
45.17468708816707,78.24946655761869,0.7730326734872814,frame_000547
45.41109282077487,78.0426370424273,0.7644007370302632,frame_000548
45.651758626959776,77.84306749111316,0.7563800548822434,frame_000549
45.89472751441915,77.65116038204668,0.7490363711492988,frame_000550
46.13467371027079,77.46691568005497,0.742560621634155,frame_000551
46.37601008354184,77.2937529127297,0.7369837537202925,frame_000552
46.61903521510207,77.13246448504974,0.7324231307041709,frame_000553
46.86151890504128,76.9792912759048,0.7292509118616405,frame_000554
47.10610025164107,76.8366465750705,0.7274384116639587,frame_000555
47.3521801789709,76.70431655800033,0.7267541562611007,frame_000556
47.597376352954925,76.57753588388934,0.726762534832166,frame_000557
47.844175751434776,76.45495874134208,0.7273326016391112,frame_000558
48.09182714013179,76.33817496834878,0.7282968692565079,frame_000559
48.33779597651142,76.23188279602782,0.7296228259471533,frame_000560
48.58233585084061,76.13393728359854,0.731250422773758,frame_000561
48.8255989174177,76.04294983781085,0.7331372190528718,frame_000562
49.06763589206216,75.9581154703002,0.7358055501648997,frame_000563
49.31128555709342,75.88204870789173,0.7399471868198678,frame_000564
49.55834895281285,75.8149508143895,0.7450824745920498,frame_000565
49.80826505728071,75.7546097681692,0.7507444132918994,frame_000566
50.060472846041066,75.69841105004285,0.7566151613123336,frame_000567
50.31512067566608,75.645562270466,0.7614542735336877,frame_000568
50.57002586212671,75.59901754753287,0.7641832705352238,frame_000569
50.827875056487855,75.56239766821675,0.7627763037466502,frame_000570
51.08957163898542,75.53669631210812,0.755323043041489,frame_000571
51.35278082235192,75.51835562234326,0.7406537983895597,frame_000572
51.61922885060149,75.50723726712779,0.7177628227299163,frame_000573
51.88740376906892,75.50592476017289,0.6839377063972811,frame_000574
52.15401032910436,75.51797177731284,0.6362133614094396,frame_000575
52.42351220732979,75.53733597844281,0.5719482196519496,frame_000576
52.69694401924078,75.56501860307121,0.4883495773627543,frame_000577
52.97217253784737,75.60504291552107,0.382174728987602,frame_000578
53.24716596651133,75.65720764945107,0.2537884627687244,frame_000579
53.52144885306346,75.71992295295898,0.1038392865274549,frame_000580
53.79319228412476,75.7900376333198,-0.0669165481504703,frame_000581
54.06483122266102,75.86768584621171,-0.2562294478028867,frame_000582
54.33408344576208,75.95366499171388,-0.4624293284003318,frame_000583
54.593949529765794,76.05153286163927,-0.6843334089095923,frame_000584
54.84747302063181,76.16169194006757,-0.9193444689236404,frame_000585
55.09537848013815,76.28414218130035,-1.1631548624824355,frame_000586
55.337918175245605,76.41848103330223,-1.4105140237066165,frame_000587
55.570779399142914,76.5639035044825,-1.663272756266595,frame_000588
55.79319188347242,76.7201881849079,-1.9185086700572225,frame_000589
56.006472933343794,76.88787002756013,-2.173144998022274,frame_000590
56.20656655472895,77.06446273111091,-2.4234729800629657,frame_000591
56.3915043123475,77.24934990977681,-2.665023797491002,frame_000592
56.56286026186538,77.4418607085144,-2.8940427971519216,frame_000593
56.72261422874738,77.64105600800657,-3.111491980249592,frame_000594
56.87076049510197,77.84572830494535,-3.31512635078684,frame_000595
57.006893321278255,78.05440175866511,-3.502186638388705,frame_000596
57.13111413916632,78.26533222269815,-3.671434353342828,frame_000597
57.24312436103559,78.47770715655986,-3.822388614343714,frame_000598
57.34063988093271,78.69374278177588,-3.956896780156987,frame_000599
57.42883436818369,78.90894633763105,-4.075976285538812,frame_000600
57.50921409972677,79.12112929436151,-4.180373164250713,frame_000601
57.5797485298292,79.33425618941583,-4.271230026767714,frame_000602
57.63810598766473,79.54940449367577,-4.347277584765328,frame_000603
57.68414383656672,79.76537929609921,-4.40757775739449,frame_000604
57.72136337223749,79.98063774228616,-4.452512648055392,frame_000605
57.74880226737275,80.19732479392873,-4.484062269162648,frame_000606
57.76587284889776,80.41642655023044,-4.502365688547178,frame_000607
57.77064603124547,80.63794300788469,-4.50848909304651,frame_000608
57.76646776491521,80.86187417287137,-4.500944363390574,frame_000609
57.75530643406807,81.0872339183384,-4.476995011801625,frame_000610
57.73629795994367,81.3118772498668,-4.433441047012292,frame_000611
57.71015552116922,81.5400999655205,-4.373144698119149,frame_000612
57.67644170146219,81.7719146428269,-4.296556647207579,frame_000613
57.63647826435257,82.00497505415602,-4.19984927652033,frame_000614
57.59189124451384,82.23680077827412,-4.077201956468116,frame_000615
57.54299442906109,82.46700187098597,-3.926371466211176,frame_000616
57.49024422835026,82.6992032693009,-3.746976493607598,frame_000617
57.43648262945929,82.93139001479446,-3.5386576816927406,frame_000618
57.38081195189568,83.16556197131256,-3.3010935312527367,frame_000619
57.31846424197374,83.40580938006809,-3.031348809754638,frame_000620
57.25192650045664,83.64951357314168,-2.7312502161406176,frame_000621
57.18149732981558,83.8970846087152,-2.402444211261624,frame_000622
57.10687244657866,84.14986414386551,-2.0468319996179063,frame_000623
57.02805187783452,84.40892553388943,-1.6680172185442577,frame_000624
56.94443276699938,84.6750737926053,-1.269040428201298,frame_000625
56.85322387130585,84.94884557659165,-0.8519412458831814,frame_000626
56.75599927901638,85.23433127198865,-0.4208953875792569,frame_000627
56.65214472592303,85.53312831429889,0.0199595388487215,frame_000628
56.54044309244921,85.84241677596188,0.4675175058922409,frame_000629
56.41998150892553,86.16186123909509,0.9214976733193618,frame_000630
56.290151430888805,86.49184412437891,1.3773501334002087,frame_000631
56.15064859150021,86.83363835857595,1.831335665103992,frame_000632
56.0035542637289,87.18180779958962,2.284199738940538,frame_000633
55.84886278308754,87.53394507550924,2.7338180625009114,frame_000634
55.68606702277462,87.88857440262515,3.1786863965258143,frame_000635
55.515065548739024,88.25052655842723,3.615516905166697,frame_000636
55.33525551529479,88.61897647181452,4.041460697966376,frame_000637
55.14394715080148,88.98761591591011,4.456083440286303,frame_000638
54.94372565612726,89.3565773616936,4.862316502340301,frame_000639
54.73654422689722,89.7248344853891,5.259499373441639,frame_000640
54.52239973650654,90.09037488150668,5.644030833131639,frame_000641
54.300886466917845,90.45118607360034,6.017370868686875,frame_000642
54.06960621952561,90.80842775001308,6.377864152987406,frame_000643
53.82232160273602,91.16887433760436,6.722646612666462,frame_000644
53.56780904134243,91.51997829220028,7.04850030715517,frame_000645
53.30848200119841,91.86011715153528,7.351495156972616,frame_000646
53.042107070194525,92.1966691163642,7.62833914793372,frame_000647
52.76675521688104,92.52426515351412,7.876608159118959,frame_000648
52.48393840760261,92.84110162109172,8.096039746178645,frame_000649
52.19715472341169,93.14684311191348,8.288493777450562,frame_000650
51.90731704562053,93.44142256264644,8.453435109506204,frame_000651
51.613244320786734,93.7260273046226,8.591862392355003,frame_000652
51.30981488326265,94.00327178288283,8.706335592121636,frame_000653
51.00392983304965,94.26959816198992,8.799119936708653,frame_000654
50.69770778841336,94.52501398046655,8.87201656955417,frame_000655
50.39165590474502,94.77099506353154,8.923597843478671,frame_000656
50.08440292479288,95.0082163506447,8.958322798631766,frame_000657
49.77626452758689,95.23569672474602,8.979636687263778,frame_000658
49.46607233662752,95.45464783356556,8.988201128437344,frame_000659
49.15473916685297,95.67037161504098,8.987259453362123,frame_000660
48.84317785773024,95.88407549852477,8.980243814002634,frame_000661
48.53230128201712,96.09287241167787,8.970175813632459,frame_000662
48.22302231290421,96.29414361995836,8.959391370978837,frame_000663
47.91625379534423,96.48968772455542,8.95033134502159,frame_000664
47.612908573189685,96.68379627754516,8.943806698495882,frame_000665
47.31100999893115,96.8772071488227,8.940857909619199,frame_000666
47.00861058882728,97.07092654426722,8.942027005842203,frame_000667
46.70353085843164,97.26622903807656,8.945040711380756,frame_000668
46.40413826933232,97.45701361957131,8.948194760874484,frame_000669
46.11284246212958,97.64091065975693,8.9501307130953,frame_000670
45.824770933343416,97.82295800155477,8.948663230370121,frame_000671
45.53911224146341,98.00175277648192,8.944795670663465,frame_000672
45.25586067795599,98.1770987593158,8.939263767900014,frame_000673
44.97740172941919,98.35402792684197,8.932973587178177,frame_000674
44.70115020228991,98.52851284013346,8.925739627336903,frame_000675
44.42529556099963,98.6999573015,8.917309152252052,frame_000676
44.14867134684754,98.86909920524263,8.907581633740884,frame_000677
43.873707479350735,99.03298864144249,8.896900384871978,frame_000678
43.60250547910229,99.19103446049076,8.885520343281696,frame_000679
43.33247376105805,99.3469286522949,8.873814227699022,frame_000680
43.06219227532965,99.50449739317708,8.861378568376546,frame_000681
42.79030122329733,99.66235208177106,8.84822667558322,frame_000682
42.516955959632895,99.81371661531828,8.834639359250339,frame_000683
42.24509984003628,99.9649646204922,8.820591119054972,frame_000684
41.975183589125024,100.11708219835604,8.806324356298674,frame_000685
41.706750792515145,100.26584067320138,8.79206303163408,frame_000686
41.43934503060407,100.40714552906336,8.778254893387416,frame_000687
41.17250985552637,100.54238535382596,8.765089862575087,frame_000688
40.90578878785747,100.67860457262871,8.752633990140115,frame_000689
40.63664418854296,100.80996621287306,8.74108375282886,frame_000690
40.36567513578048,100.9360753336081,8.730416044457765,frame_000691
40.09516253887564,101.0598818720804,8.720441891342679,frame_000692
39.82530609282283,101.180647927311,8.711426765145639,frame_000693
39.55776038956661,101.29776977235905,8.703346679376457,frame_000694
39.29272512195327,101.41077783340084,8.696202961363028,frame_000695
39.02959169881685,101.5204058152246,8.689928828395669,frame_000696
38.767006006039125,101.62944599540012,8.684271740300245,frame_000697
38.50273783402602,101.73890040102462,8.67902170820814,frame_000698
38.23734507295073,101.84501413126176,8.674117639997132,frame_000699
37.972029685644834,101.94639105554296,8.669298539854745,frame_000700
37.70876829016235,102.04591822697424,8.663905377284419,frame_000701
37.44456678655247,102.1411110803488,8.658445377302819,frame_000702
37.18047497318863,102.23376825107064,8.652981769878132,frame_000703
36.9217171487069,102.32804716786946,8.647114659060973,frame_000704
36.66367757989431,102.4244173837618,8.64062303920205,frame_000705
36.40500787566132,102.52228270400023,8.633373027518582,frame_000706
36.14591091668817,102.6178840301437,8.625498875287487,frame_000707
35.89145885679613,102.71403714425514,8.617116181266592,frame_000708
35.64180383858269,102.81133320585931,8.608238591800966,frame_000709
35.39217800148458,102.90621433585932,8.599114552672084,frame_000710
35.142682778729764,102.99787554890204,8.589972429142215,frame_000711
34.89331816807814,103.08671178983184,8.580748714752144,frame_000712
34.643982721613504,103.17641508041636,8.571000090330967,frame_000713
34.394473589237585,103.26423673406852,8.561216396778848,frame_000714
34.146139171569324,103.34880074200204,8.551337888871288,frame_000715
33.90359519237159,103.43185545665573,8.54070528357965,frame_000716
33.661617326154015,103.51514915916768,8.530216911873993,frame_000717
33.41915576603301,103.59829192598755,8.520213132213325,frame_000718
33.17920462422491,103.68068003929112,8.510460590468929,frame_000719
32.93978727154626,103.76170975034992,8.5010981057288,frame_000720
32.69970175020328,103.84197724023106,8.492266861432327,frame_000721
32.458390172590924,103.92537576779164,8.48391050208977,frame_000722
32.21808275796849,104.00935790881792,8.476209508742524,frame_000723
31.979388093167948,104.09352117457996,8.46924107225736,frame_000724
31.741293132719463,104.1796080118458,8.462985314912737,frame_000725
31.504764655375347,104.2629201779385,8.457567517236129,frame_000726
31.269958609776097,104.34325642412324,8.453183897467317,frame_000727
31.039260499342053,104.4249125125663,8.449874810938113,frame_000728
30.810085118226347,104.50574348724088,8.447817789492257,frame_000729
30.581529103591325,104.58476324014646,8.447077253135847,frame_000730
30.35582583305569,104.66197178197967,8.447629619383193,frame_000731
30.133127452977075,104.73736911453086,8.449405970900155,frame_000732
29.91193342379335,104.81095523380424,8.452271189933581,frame_000733
29.68737444016364,104.8827301252884,8.455852447062172,frame_000734
29.46431981222055,104.952693820649,8.4594110389443,frame_000735
29.243524566760808,105.02084633045038,8.462517016439435,frame_000736
29.023214938183017,105.0871876606,8.46442670862486,frame_000737
28.806486463795657,105.15171782306945,8.465093211434622,frame_000738
28.593196505926954,105.214436813871,8.464723006876085,frame_000739
28.38141915178149,105.2753446336315,8.462862683094016,frame_000740
28.171208262188745,105.3382632409756,8.46108384241802,frame_000741
27.961806896376338,105.40478998863672,8.46115345527495,frame_000742
27.754687708619816,105.47237324222505,8.46405214392805,frame_000743
27.547160874197303,105.54121419765164,8.472182590168204,frame_000744
27.338927794141124,105.61250016518711,8.487719131240677,frame_000745
27.13049560603804,105.68857729901436,8.512661075955851,frame_000746
26.92435128089916,105.76535112119358,8.545844057962837,frame_000747
26.7197435975084,105.84202417836732,8.588198387594153,frame_000748
26.51413805238996,105.9189989348714,8.640790948693217,frame_000749
26.31067771911382,105.99285580140769,8.709918994942797,frame_000750
26.11072239543592,106.06239982975131,8.799033847598267,frame_000751
25.91239368587326,106.1305850600619,8.912127928368918,frame_000752
25.715793039000243,106.19761281601154,9.04451769175558,frame_000753
25.521665982268622,106.264670515341,9.192124970265343,frame_000754
25.33153271580493,106.334104417077,9.35082295029041,frame_000755
25.14194276898073,106.4018202788798,9.504332313832846,frame_000756
24.95183682047731,106.46800673702174,9.654257354332016,frame_000757
24.760961250318857,106.53521105057844,9.810709161528404,frame_000758
24.57185057351033,106.59953998256854,9.972917160938708,frame_000759
24.385256015511,106.66138346894564,10.139635105097378,frame_000760
24.19869061668765,106.72349018293852,10.31044576070491,frame_000761
24.01453674002255,106.78216811107228,10.485859128356882,frame_000762
23.8333934740144,106.83702236924827,10.66243990501367,frame_000763
23.65262173238984,106.88885800489294,10.835703204829402,frame_000764
23.47445170932613,106.9412328671772,11.006151086177631,frame_000765
23.299330342111027,106.9935558359611,11.17163977752248,frame_000766
23.12446640205801,107.04301118956126,11.329489717956209,frame_000767
22.9490484507482,107.09335811669251,11.474001412445537,frame_000768
22.773070779365696,107.1442066870998,11.606228558721956,frame_000769
22.59891890406212,107.19294233096312,11.730095325600958,frame_000770
22.424815892528585,107.23970341526876,11.844581823272732,frame_000771
22.251214373494854,107.28270383984032,11.952575426676228,frame_000772
22.0777561392293,107.322081834773,12.06151620472796,frame_000773
21.9060627938688,107.3590448121643,12.17529478177809,frame_000774
21.736879841530143,107.39480021266232,12.295925315043457,frame_000775
21.570207289927737,107.43055555773904,12.420452907142828,frame_000776
21.4060451505476,107.47027128625533,12.542952485240292,frame_000777
21.24364792273162,107.51474490643793,12.658932882935016,frame_000778
21.081393995893382,107.5637081391727,12.76532567854689,frame_000779
20.9175603372136,107.61045196723748,12.861889070200547,frame_000780
20.75274980831633,107.65378895139273,12.95412314086222,frame_000781
20.591476618526183,107.69788034655213,13.062459891623083,frame_000782
20.43328433748105,107.74306576692246,13.185896933870236,frame_000783
20.276971017834057,107.7877603927122,13.324998666722657,frame_000784
20.12045859343224,107.83230378753396,13.481785406866544,frame_000785
19.966538310337803,107.87703557569816,13.655171964659118,frame_000786
19.81476325279036,107.92037098828204,13.84286088726208,frame_000787
19.66290323531552,107.96264972797022,14.038653097584316,frame_000788
19.51151609651054,108.00803326377633,14.24930685039588,frame_000789
19.36180379220871,108.05632036789014,14.473924005120193,frame_000790
19.21574298046116,108.10294706411533,14.706901803574418,frame_000791
19.07033957310393,108.14717133197338,14.943759888694794,frame_000792
18.92573620753731,108.19017551317818,15.182978880483793,frame_000793
18.78375735103232,108.23121743189452,15.429624095825757,frame_000794
18.6412567626914,108.27230792445488,15.679727270740496,frame_000795
18.49838660205579,108.31224713331366,15.929437176851843,frame_000796
18.3585974316998,108.3445273378877,16.176566613084756,frame_000797
18.222450282989087,108.37565637499112,16.417002309226405,frame_000798
18.088144132471864,108.40782031502856,16.647890574372468,frame_000799
17.952840199584053,108.44115335155564,16.86710635694767,frame_000800
17.81648775715003,108.4759237393571,17.07887321459946,frame_000801
17.678934663498605,108.51133405929026,17.282284521341534,frame_000802
17.539927360162718,108.5434240210322,17.474455122970248,frame_000803
17.402000343992736,108.57098615935402,17.655444139460755,frame_000804
17.26681199980479,108.59302679679942,17.827279282859045,frame_000805
17.135275187100472,108.61069045339632,17.99386497435671,frame_000806
17.005413258663047,108.62894363625288,18.158097522946463,frame_000807
16.876024262322233,108.64839009257992,18.31909526186703,frame_000808
16.74655035157238,108.6652708114328,18.47198680344449,frame_000809
16.61922171756065,108.68240152050582,18.618753839785207,frame_000810
16.494485280469938,108.70037333806668,18.76178859939948,frame_000811
16.36954979873523,108.71562834886012,18.904664246758653,frame_000812
16.24649331591051,108.73118352852345,19.049166202175986,frame_000813
16.126517775805222,108.7478312489352,19.197293916151,frame_000814
16.010079634871904,108.76221497243772,19.345343594593547,frame_000815
15.894745833151564,108.77373097474036,19.49232136628867,frame_000816
15.77976514963344,108.7829754431211,19.63821084023993,frame_000817
15.667523090032727,108.79384161722348,19.78426215167695,frame_000818
15.553353230948844,108.80102919210124,19.93062087170108,frame_000819
15.43740771967651,108.80553183841764,20.075863746115715,frame_000820
15.324657279439734,108.81271279956174,20.21687666723485,frame_000821
15.215101894436414,108.82149445662232,20.360773103342705,frame_000822
15.107834393141538,108.8308856496519,20.509138778780404,frame_000823
14.99945496449807,108.83578733487025,20.661335689558168,frame_000824
14.891433059297231,108.84029389562036,20.82420828518376,frame_000825
14.783616527852915,108.84618885539126,20.998349859941225,frame_000826
14.674231617147557,108.85521475362208,21.17810550624709,frame_000827
14.566373871397523,108.86267341421598,21.360539628800264,frame_000828
14.460646174712142,108.86716370819552,21.54341738637136,frame_000829
14.356744237077322,108.86848440318713,21.72596530316038,frame_000830
14.252282540171436,108.87025626680082,21.90599668220071,frame_000831
14.14801231150268,108.87387552845648,22.078229753110502,frame_000832
14.046366637503704,108.87658947649504,22.23394366469756,frame_000833
13.944807839254867,108.87564507039332,22.383224414081123,frame_000834
13.843934979459393,108.87342450205954,22.52878166287906,frame_000835
13.746028966192156,108.87569346143944,22.66958141025492,frame_000836
13.6484000124498,108.87520215391189,22.802117950764384,frame_000837
13.551495049196603,108.87214682650136,22.924489977051905,frame_000838
13.45744283544426,108.87014818340032,23.03855115707581,frame_000839
13.36340142028907,108.86900498851485,23.143496684388523,frame_000840
13.269665586573463,108.8685160047612,23.2388863648041,frame_000841
13.178211957498911,108.8684799789507,23.325385498630293,frame_000842
13.088127657347828,108.86869564658102,23.40404357205658,frame_000843
12.998661464810745,108.87016168436236,23.47489965051406,frame_000844
12.910678701179236,108.8771738456152,23.537464286112737,frame_000845
12.82296347323877,108.88376515883309,23.59490776638038,frame_000846
12.735820075441488,108.88735213583487,23.647549533471373,frame_000847
12.651072990532152,108.89048646757576,23.691359161734,frame_000848
12.565575974158524,108.89678895682265,23.72195614006109,frame_000849
12.479319514152602,108.90765574320864,23.73918597000892,frame_000850
12.393975955116716,108.92033400880364,23.740510875194992,frame_000851
12.309136407189746,108.93100172102696,23.72913767291706,frame_000852
12.225846872586605,108.93806148374011,23.705992859401697,frame_000853
12.143698451016643,108.94406487553852,23.67334110331972,frame_000854
12.059392751265836,108.94881063849093,23.631640435173225,frame_000855
11.97367529050919,108.95209756655458,23.578688062326776,frame_000856
11.891466085188082,108.95372449276113,23.510405264837143,frame_000857
11.807845115549044,108.95349007768483,23.43185117085225,frame_000858
11.722066865172602,108.95239300311056,23.342743275483663,frame_000859
11.63742973026619,108.9547291473852,23.23541749876026,frame_000860
11.552261394666855,108.95453166702644,23.105621415207693,frame_000861
11.467316887958228,108.9504170508554,22.950607261569296,frame_000862
11.387364064921082,108.94943395017712,22.768109408157702,frame_000863
11.307330772607896,108.94943742017406,22.55818716880888,frame_000864
11.226319350902376,108.94944134419984,22.321709332899925,frame_000865
11.147476042013654,108.94944571488315,22.05940911290761,frame_000866
11.068976362652393,108.94945048921102,21.77361619176676,frame_000867
10.989770503758544,108.94945562275235,21.46681832472482,frame_000868
10.90945274005809,108.949461076963,21.141223699905314,frame_000869
10.832486645796926,108.9494668659116,20.79639923094492,frame_000870
10.759322949610896,108.94947297809664,20.433071254735268,frame_000871
10.68798502351984,108.9494794099302,20.05129718748225,frame_000872
10.616496239421863,108.9494861222152,19.65317759404234,frame_000873
10.544561808128863,108.94949304365284,19.24284323548918,frame_000874
10.475023664046365,108.9494999982894,18.830829251649888,frame_000875
10.40575303170192,108.94950693814438,18.41973966895072,frame_000876
10.33630297391782,108.94951376270537,18.015399805315653,frame_000877
10.269363293037568,108.94952041060212,17.62163702287683,frame_000878
10.20265307279478,108.9522797793026,17.23653115512246,frame_000879
10.136318758500614,108.95540963154228,16.859840887344276,frame_000880
10.074519643751511,108.95314431867914,16.490186164201457,frame_000881
10.011574980975036,108.94998082820686,16.127501880571145,frame_000882
9.945978525256802,108.94810518794016,15.77164084279705,frame_000883
9.880267940197674,108.94966237398788,15.420716088005536,frame_000884
9.814899669526913,108.95035664438444,15.074319078067251,frame_000885
9.75107566989334,108.94820323742582,14.73132511199226,frame_000886
9.690874004212768,108.94125847822409,14.390701467070896,frame_000887
9.628613917069258,108.93677219468222,14.054164296325265,frame_000888
9.562789165497236,108.93356205478185,13.722481748615769,frame_000889
9.495937419382953,108.92586237237698,13.396190713885138,frame_000890
9.430596338351169,108.9209230338584,13.074256475651968,frame_000891
9.36616684631502,108.91854780522284,12.757788228208174,frame_000892
9.30036802510086,108.91511592427516,12.447908936910425,frame_000893
9.233808460990602,108.91082867025852,12.142681061213583,frame_000894
9.16693508415514,108.90588729644864,11.841662647069128,frame_000895
9.098578274481456,108.90049302672318,11.54598995389953,frame_000896
9.02964963664242,108.89484709780643,11.256249515709548,frame_000897
8.960286100557031,108.88915075194444,10.97264514618922,frame_000898
8.889980514744801,108.8836052547761,10.693960270928818,frame_000899
8.818327159608994,108.8756589848524,10.419960910731133,frame_000900
8.745021740818023,108.86690932196146,10.150987847872267,frame_000901
8.669861388097075,108.86117820055703,9.890094142403674,frame_000902
8.592744672655884,108.85846563931112,9.636187961309894,frame_000903
8.51367159749996,108.85757173139044,9.388206745980892,frame_000904
8.432743598725793,108.85399948244532,9.146175259826013,frame_000905
8.347274024719976,108.85351454269475,8.911531033137448,frame_000906
8.256359506079194,108.85849915059885,8.684383054760008,frame_000907
8.162334851953277,108.866200453555,8.464001147471322,frame_000908
8.06763630749863,108.87004359753178,8.250419449091382,frame_000909
7.972410314951551,108.86982735496169,8.042682917894508,frame_000910
7.8760990014638494,108.87172412683223,7.838697145852636,frame_000911
7.7733766189817795,108.8791533838035,7.639526565897962,frame_000912
7.665057149370621,108.89063092014776,7.446346989582949,frame_000913
7.556053650352502,108.8969673792332,7.258741547729815,frame_000914
7.439700853155886,108.90925904330166,7.0699857197314175,frame_000915
7.319382101600517,108.92828569484168,6.882753285993093,frame_000916
7.1969897173703785,108.9456553102414,6.702284508913057,frame_000917
7.069000571617305,108.96130047746146,6.523200532021738,frame_000918
6.937457221201808,108.97750029011527,6.346332038951053,frame_000919
6.803564468741722,108.996316225893,6.173614278633188,frame_000920
6.668542656781049,109.01419044418417,6.004281374415961,frame_000921
6.533215275944677,109.03171409593187,5.838822860922237,frame_000922
6.3985414782828505,109.05071682433682,5.678129013188157,frame_000923
6.260085576242173,109.0680474898393,5.520260402019267,frame_000924
6.117847566658256,109.08544262392284,5.368111618936185,frame_000925
5.971928875863709,109.1078017239878,5.221231367803178,frame_000926
5.822532367488552,109.13344944059236,5.0785604042788695,frame_000927
5.669962334125354,109.16173506746426,4.940876341920123,frame_000928
5.514624499414942,109.19285985323717,4.808042330211632,frame_000929
5.357026015941026,109.2268908572398,4.681412905254392,frame_000930
5.197775466894036,109.26651385901631,4.561649639247483,frame_000931
5.037582869310278,109.30914537128363,4.448622059018574,frame_000932
4.877259670786861,109.34868427676471,4.343638492923604,frame_000933
4.716811574661987,109.39035791753572,4.247398813128886,frame_000934
4.5538530554846215,109.43925948546436,4.159624925401972,frame_000935
4.388079823306909,109.49270736633522,4.081322544374473,frame_000936
4.2200947586327695,109.54904463416976,4.012770908766483,frame_000937
4.052434264023103,109.60771284290708,3.953514010798624,frame_000938
3.877774094610871,109.67404214623552,3.8984841804402506,frame_000939
3.7032651136602768,109.74281771400469,3.8510952493798425,frame_000940
3.536222693510777,109.80834803581172,3.813530751723879,frame_000941
3.365545884004209,109.87693554412886,3.780121314877428,frame_000942
3.1934455549816665,109.94997090379188,3.752464101686178,frame_000943
3.022473955329589,110.02695601662204,3.731544609049161,frame_000944
2.8543043782786444,110.10259437886256,3.715763155711573,frame_000945
2.689585347664196,110.17996506813942,3.7039811822837447,frame_000946
2.526387776815453,110.26176645547898,3.695925763921102,frame_000947
2.360529555654312,110.34176332097172,3.689151177235253,frame_000948
2.193324843973784,110.42500774599796,3.684962206885,frame_000949
2.025891915041369,110.513082033441,3.682849084818816,frame_000950
1.858230771459384,110.60538251289,3.678958274323304,frame_000951
1.690341412277783,110.6985525541798,3.674528166449337,frame_000952
1.5222238373821209,110.79338455241648,3.6701064886482384,frame_000953
1.35387804691335,110.89289550874692,3.666028371589809,frame_000954
1.1832228103085138,110.99352756796046,3.662348031266683,frame_000955
1.0113136412451682,111.094671964683,3.6589124754251032,frame_000956
0.8408879020224108,111.19464746117086,3.655624240546669,frame_000957
0.671793443771675,111.29546064730644,3.6522818303762814,frame_000958
0.5031326045113907,111.39988368509832,3.648672785715579,frame_000959
0.3331316173779408,111.50777822801108,3.644259486872629,frame_000960
0.164886019127599,111.61793680219996,3.6390218360395448,frame_000961
-0.0017468271363175,111.72816581907388,3.633614328081507,frame_000962
-0.168692836323177,111.83511284870798,3.628837541388459,frame_000963
-0.3308414865277558,111.94091066844923,3.625056754592421,frame_000964
-0.4869014375348642,112.04465114197936,3.623163003253192,frame_000965
-0.6443490824775884,112.15303867113296,3.623756378710045,frame_000966
-0.8017193812703468,112.26279460583584,3.6281755252148,frame_000967
-0.9572854763449216,112.36975314551032,3.6373574009485776,frame_000968
-1.1105402152246286,112.4705618711925,3.651451115088988,frame_000969
-1.2610778736903054,112.57213102401964,3.672071171160656,frame_000970
-1.4085941590942417,112.6758491770596,3.700392840760783,frame_000971
-1.552886209634534,112.7777559724753,3.737075517874879,frame_000972
-1.6917713651511774,112.88046590334352,3.783323290809366,frame_000973
-1.8263051379560344,112.98338276013216,3.84023807636416,frame_000974
-1.959326317802064,113.08060248973106,3.908470137014441,frame_000975
-2.0929668467549383,113.17541460610794,3.988717215827261,frame_000976
-2.226323357913161,113.26901148876942,4.080941212270701,frame_000977
-2.356912069674676,113.36468267485076,4.184486878752463,frame_000978
-2.485240135032156,113.45927698799645,4.299650444177459,frame_000979
-2.6117544820538376,113.55200203440874,4.425819899066284,frame_000980
-2.7353869175970886,113.64634861174258,4.5616045379122,frame_000981
-2.855170682357434,113.73936677207767,4.7081653900940506,frame_000982
-2.972602513099853,113.82947927294354,4.864407453638679,frame_000983
-3.0903183387212296,113.91823322402703,5.028546797480922,frame_000984
-3.2032967092322044,114.00717572339413,5.1990797823901485,frame_000985
-3.3115376248081425,114.0957156381956,5.374515016774777,frame_000986
-3.420062535916346,114.1830480080613,5.553731730577916,frame_000987
-3.524154285143947,114.27218984186156,5.736481709349675,frame_000988
-3.62411716381905,114.36393355033638,5.92241798321818,frame_000989
-3.7252769129385177,114.4549225079696,6.112582806333309,frame_000990
-3.825301896890063,114.54455299137352,6.30618351755881,frame_000991
-3.9228380197907904,114.63222132253571,6.499942703726251,frame_000992
-4.017378132421738,114.71732384439444,6.689447327954966,frame_000993
-4.106435286821685,114.80032595758988,6.873590031817615,frame_000994
-4.190760703851161,114.88361749517836,7.050058756673458,frame_000995
-4.272888880880571,114.96766390355742,7.215208916487509,frame_000996
-4.352566243440526,115.05186146653558,7.36793500124328,frame_000997
-4.430547815690578,115.13560642409146,7.509551231607715,frame_000998
-4.510182708804374,115.2182950009919,7.642271147825275,frame_000999
-4.590052158673049,115.30314539899162,7.768810934755538,frame_001000
-4.668807770916426,115.39115124005173,7.890675807680342,frame_001001
-4.743455442396881,115.47915715070904,8.008398555282575,frame_001002
-4.815971798017768,115.56951345160284,8.125209260942475,frame_001003
-4.887558789646719,115.66042145841064,8.244077178243462,frame_001004
-4.958774286700527,115.7478578986454,8.367290016938542,frame_001005
-5.02946930764125,115.83162144694305,8.499260731370063,frame_001006
-5.098141411476228,115.911510818276,8.642097880795866,frame_001007
-5.16484448608131,115.98732477762628,8.795169328826862,frame_001008
-5.22765261546345,116.06268404757486,8.959457978035568,frame_001009
-5.286609538844311,116.13923126466536,9.13657494798954,frame_001010
-5.34521619395122,116.21474974573611,9.329223475045694,frame_001011
-5.400848067892549,116.288114217153,9.53604589162016,frame_001012
-5.45240495989157,116.35884299213257,9.754592993062134,frame_001013
-5.5045792932725215,116.43099195562948,9.987556183355023,frame_001014
-5.557830680172335,116.50026544581544,10.230179746012125,frame_001015
-5.61035809793331,116.56566482820908,10.479870216174128,frame_001016
-5.659424193292547,116.62739138290776,10.734552863270066,frame_001017
-5.70518111490712,116.68564641875956,10.99077241462628,frame_001018
-5.749433693855729,116.74281729678664,11.243817868893544,frame_001019
-5.79735551980019,116.80574731131809,11.487777851438182,frame_001020
-5.844381590956562,116.86839822378934,11.724631416221513,frame_001021
-5.8893156626592,116.92918773608412,11.954687464313992,frame_001022
-5.932614169998872,116.98871954838474,12.179933262523564,frame_001023
-5.976814774443661,117.05035030241558,12.398427200586635,frame_001024
-6.021318405260828,117.1132876256396,12.608494797111527,frame_001025
-6.063844150717656,117.17451454995978,12.808196463415507,frame_001026
-6.107081816884502,117.23483603216576,12.999005115575734,frame_001027
-6.1505844760905815,117.29484323314225,13.180730635327947,frame_001028
-6.192223359473783,117.35298908722932,13.352746576094468,frame_001029
-6.234840422452341,117.407726526312,13.515043715379225,frame_001030
-6.277233713465935,117.46063281353592,13.667442801718977,frame_001031
-6.314026783417806,117.51465788774316,13.808686800721686,frame_001032
-6.349683209197331,117.56631099088382,13.938545333385983,frame_001033
-6.384653722574142,117.61539840881495,14.05790405625703,frame_001034
-6.4169616968300485,117.66292634339774,14.168007966835065,frame_001035
-6.448878854467256,117.7116984234517,14.2672667666061,frame_001036
-6.479733854401822,117.760625413996,14.35538618107989,frame_001037
-6.509501652949892,117.80947284933342,14.437804671008436,frame_001038
-6.541076815863092,117.85804612712666,14.51809071296095,frame_001039
-6.573934440321462,117.90406610697042,14.598254457104336,frame_001040
-6.604623986916312,117.94767108801224,14.681311659373533,frame_001041
-6.63258441637411,117.99282140921038,14.767150694960472,frame_001042
-6.659616752791026,118.0393284060774,14.85570467487495,frame_001043
-6.6885597808193005,118.0847788060456,14.947519262220672,frame_001044
-6.714493488935507,118.12951215386168,15.045336687783156,frame_001045
-6.737417875581921,118.17194359670818,15.15167201883285,frame_001046
-6.762252948290869,118.2124127313922,15.26707402148234,frame_001047
-6.786968194355049,118.25508114072792,15.39141943108615,frame_001048
-6.811864102782014,118.2987614908374,15.524027825479497,frame_001049
-6.836531787519901,118.33674477822971,15.664399370608516,frame_001050
-6.862643578073617,118.37533754628548,15.811445553674425,frame_001051
-6.889444451622103,118.4155384729588,15.965222814701312,frame_001052
-6.912166547938234,118.45513553094536,16.1258964941315,frame_001053
-6.935882024223958,118.49466965953636,16.288661251926854,frame_001054
-6.961488541704323,118.53275731705853,16.452529521114315,frame_001055
-6.985839854117539,118.56993931962928,16.619045805053695,frame_001056
-7.00867922199344,118.6067566016568,16.783389257154067,frame_001057
-7.031204796582322,118.64182566477712,16.942282292844716,frame_001058
-7.053159832814522,118.67568739604448,17.09364476123607,frame_001059
-7.076368805745528,118.71270462126787,17.237640992654555,frame_001060
-7.100228842253803,118.75189127214696,17.372470904518305,frame_001061
-7.1201242353470215,118.78673961710774,17.496046795784498,frame_001062
-7.141279275816855,118.82375741956572,17.608794186580788,frame_001063
-7.163998253427998,118.8639307679878,17.71143139042291,frame_001064
-7.183665457913966,118.90289684592824,17.803075673502445,frame_001065
-7.202615687202093,118.94011477567362,17.885614779377942,frame_001066
-7.220852741907937,118.97696808513106,17.960795659030897,frame_001067
-7.239089805201826,119.01291591825908,18.02908609801872,frame_001068
-7.258040057017865,119.0474174027286,18.09199888063428,frame_001069
-7.276961783518738,119.08185604756638,18.15224596199693,frame_001070
-7.296568163739881,119.11569092956096,18.213898138700333,frame_001071
-7.3175723752980195,119.15113405184069,18.277912484796023,frame_001072
-7.339978220948189,119.18718670792992,18.34578464390284,frame_001073
-7.366120505909829,119.21754235977016,18.41861752292916,frame_001074
-7.391383510952133,119.24615712147094,18.497777480289912,frame_001075
-7.415164353102546,119.27561442362132,18.586089791986755,frame_001076
-7.439287504748692,119.30537333708924,18.68800481936384,frame_001077
-7.465577448126457,119.33489306786552,18.80088086330675,frame_001078
-7.494176821422362,119.36457110610448,18.923074292714148,frame_001079
-7.522091528364452,119.3917216288884,19.056479540090955,frame_001080
-7.546327479776585,119.42009969634522,19.19233066009713,frame_001081
-7.567934482515501,119.45208763913004,19.325791983365267,frame_001082
-7.592136834606906,119.486943404024,19.45506696508681,frame_001083
-7.616400046443478,119.52392489533246,19.580321118362093,frame_001084
-7.638320220934758,119.56322834773938,19.700329682340136,frame_001085
-7.655362876039602,119.6019668012474,19.811242591962355,frame_001086
-7.672752298519712,119.64644675914722,19.914139385066083,frame_001087
-7.691538291080236,119.6964669574392,20.01009861115056,frame_001088
-7.7087267618995,119.74531834665652,20.101142443757727,frame_001089
-7.724213111315385,119.79273257729226,20.188456544397592,frame_001090
-7.73934762618553,119.840493153366,20.27371847224135,frame_001091
-7.754025695671999,119.89470530211588,20.359343882026963,frame_001092
-7.768142726475157,119.94845873745057,20.447095182095897,frame_001093
-7.78230349697861,120.0003648465686,20.53815688123336,frame_001094
-7.794781783433995,120.05438393228177,20.6341961414338,frame_001095
-7.810801882175495,120.10790149531896,20.73497372244916,frame_001096
-7.830668084839269,120.15932768093714,20.8414680767692,frame_001097
-7.849764677826125,120.20792454531149,20.95579959537719,frame_001098
-7.868345231178756,120.25939488259358,21.07731281099458,frame_001099
-7.888214568627053,120.31413363100772,21.20641965635613,frame_001100
-7.914444839341071,120.3693250181504,21.34445354585034,frame_001101
-7.942268193010389,120.4221533324002,21.48886715260686,frame_001102
-7.97018409850777,120.47202745514473,21.63749896518725,frame_001103
-7.9982432704515745,120.52250528612709,21.78744831297798,frame_001104
-8.028476216721332,120.57439185336602,21.936303343584687,frame_001105
-8.060582452786186,120.62849218529624,22.081491035141223,frame_001106
-8.094970871279425,120.68561127642909,22.222276784845587,frame_001107
-8.132050362498227,120.74273210040413,22.36013285380928,frame_001108
-8.169867760904054,120.79906225465167,22.494946651319,frame_001109
-8.205432140210855,120.85795835198104,22.6258580888703,frame_001110
-8.241430133432617,120.92002412062556,22.75338833325948,frame_001111
-8.278765103946663,120.9846633661742,22.877906352247862,frame_001112
-8.315102256870247,121.0479828231662,22.9999265771283,frame_001113
-8.352167805508094,121.11252993767827,23.118568328964564,frame_001114
-8.389356970444014,121.17969329258466,23.234213612368706,frame_001115
-8.426774351042539,121.24987535130784,23.34824854382468,frame_001116
-8.462443327905133,121.31965661395088,23.46115394292545,frame_001117
-8.496069121497314,121.38784220318254,23.57213192046257,frame_001118
-8.530493680081733,121.45738626871383,23.67923430767002,frame_001119
-8.568558949620224,121.52849004367582,23.78326542652082,frame_001120
-8.60906298251148,121.6013547790417,23.883847558300868,frame_001121
-8.646629343724443,121.67618172265448,23.980510375704743,frame_001122
-8.683640377837438,121.75317215251472,24.071678093142783,frame_001123
-8.72160232518483,121.8313273957323,24.157162286178448,frame_001124
-8.761275915695869,121.90635168835892,24.2381514023516,frame_001125
-8.800532377311729,121.98038993133004,24.316367972452404,frame_001126
-8.838924781000305,122.05442821327595,24.39241449717993,frame_001127
-8.879142929249227,122.12846653115484,24.46661497386558,frame_001128
-8.921795402113549,122.20250487061328,24.53975111979011,frame_001129
-8.96658361662497,122.27654326179535,24.6102549489291,frame_001130
-9.010716345233815,122.35058177364124,24.674390238673084,frame_001131
-9.056271638287422,122.42462038915492,24.73318338714503,frame_001132
-9.104289788297024,122.49865909845762,24.787231306335496,frame_001133
-9.153449033332944,122.57269791957825,24.83553755104761,frame_001134
-9.200346387385965,122.6467367820966,24.881488073918547,frame_001135
-9.246332136789125,122.72077564678293,24.927195880534747,frame_001136
-9.29460006047353,122.7948144752218,24.974865729268963,frame_001137
-9.347535666698022,122.87160615311204,25.02347282223269,frame_001138
-9.403480574179536,122.94975454331494,25.07294068414652,frame_001139
-9.45660191688894,123.0256388828884,25.1245284113578,frame_001140
-9.508825600805189,123.09946042442974,25.177958903389072,frame_001141
-9.561946940876178,123.17142042927756,25.23250662377861,frame_001142
-9.617891844265584,123.24172017693512,25.28651796708024,frame_001143
-9.675798150065337,123.31331376542582,25.340425471924767,frame_001144
-9.7339979668437,123.3859924074377,25.39389893169491,frame_001145
-9.788432189542569,123.45848157539818,25.445450905541502,frame_001146
-9.840012423537818,123.52964087704244,25.49537410833349,frame_001147
-9.888875602428596,123.59846410008733,25.54305398786885,frame_001148
-9.934514577613657,123.6640791905222,25.58809171767669,frame_001149
-9.976523630146206,123.72574825605068,25.6301738742728,frame_001150
-10.014598472677596,123.78286758737104,25.667977629385327,frame_001151
-10.048536249892424,123.8349676660176,25.698755542386014,frame_001152
-10.078235535320346,123.88171312203724,25.72053561012448,frame_001153
-10.103696333742098,123.92191664759096,25.731403451110072,frame_001154
-10.12502008299794,123.95336628303504,25.72840419506332,frame_001155
-10.142409635251322,123.98042482089588,25.713098226833413,frame_001156
-10.15616927773869,124.00429216184816,25.68665909620685,frame_001157
-10.166704729002303,124.02510244503549,25.650364321200875,frame_001158
-10.173714863095974,124.04312393479016,25.607402736789453,frame_001159
-10.176452262687109,124.05875907828586,25.55991688955732,frame_001160
-10.17821847875633,124.07254453493152,25.5077965470082,frame_001161
-10.1762742628564,124.08515112944696,25.45041523336485,frame_001162
-10.171087461595748,124.09618391261338,25.38811911041003,frame_001163
-10.163162059030066,124.1020850168762,25.322245573113747,frame_001164
-10.155083251046904,124.105871429696,25.25344042170423,frame_001165
-10.148661561383957,124.10953545652468,25.182811220043696,frame_001166
-10.14506343340106,124.114217465096,25.111469440632803,frame_001167
-10.14266724909162,124.12119198423022,25.040438496264347,frame_001168
-10.14147300672053,124.1306677859612,24.97072013510503,frame_001169
-10.14310232417382,124.13969075117345,24.903025371491168,frame_001170
-10.144307534912372,124.14805963681432,24.837026057505284,frame_001171
-10.14433361829046,124.15557319603668,24.77276628869214,frame_001172
-10.143332720445784,124.16203019163297,24.70986020141111,frame_001173
-10.141456987446798,124.16722938576513,24.64795552278956,frame_001174
-10.138858565351237,124.17096954019652,24.58671871948344,frame_001175
-10.135689601193269,124.17304942836358,24.52521652392276,frame_001176
-10.130021020136804,124.1732678051918,24.463319692554403,frame_001177
-10.12306047586367,124.17142343160984,24.400813586575385,frame_001178
-10.11769746100835,124.16731506781116,24.33764031932369,frame_001179
-10.113931971768466,124.16456346009954,24.27304837771274,frame_001180
-10.111764006576465,124.16456474976472,24.206801951232105,frame_001181
-10.111193568901449,124.1645660698447,24.13911002834438,frame_001182
-10.112220654711631,124.1673202815556,24.070105040180646,frame_001183
-10.113938100013293,124.17143124746396,23.9997382140269,frame_001184
-10.112946097674037,124.17327823143688,23.92794000461074,frame_001185
-10.110714117266276,124.17306248550976,23.854451726042058,frame_001186
-10.108742691134209,124.1709852586052,23.779177278262413,frame_001187
-10.110279486234743,124.16724780171404,23.7020400812644,frame_001188
-10.113702886794687,124.16205134859412,23.62349814597296,frame_001189
-10.117521870029265,124.15559715639108,23.54281995112536,frame_001190
-10.120114823224824,124.148086503019,23.458201485917503,frame_001191
-10.124729416843593,124.13696775791796,23.37046603889517,frame_001192
-10.132120667005095,124.12383827144411,23.28130212912032,frame_001193
-10.142136420100256,124.11251998503108,23.19257923520596,frame_001194
-10.149653805982808,124.10025983630184,23.114094633012783,frame_001195
-10.153623022317548,124.08845398423084,23.044660710838524,frame_001196
-10.1569367359411,124.0807232873127,22.9780596984198,frame_001197
-10.160304961347476,124.07686653537938,22.91255914902653,frame_001198
-10.1643362820132,124.07569638978238,22.84784687029201,frame_001199
-10.16953785186404,124.0748666630698,22.784262039639668,frame_001200
-10.174234168125656,124.07571897751808,22.72225600055778,frame_001201
-10.180692193638285,124.0794608026795,22.662026134793063,frame_001202
-10.19525194807888,124.08716545708018,22.603431217128907,frame_001203
-10.214312024206528,124.09977207660282,22.54659024341935,frame_001204
-10.237436906186993,124.11709953544688,22.491746567165933,frame_001205
-10.265640897487527,124.13767370544296,22.439409625325,frame_001206
-10.297654211533091,124.16632698041636,22.38959717777838,frame_001207
-10.33439542682403,124.20227450893792,22.342179989447267,frame_001208
-10.377386006440542,124.23894145873628,22.29677963228496,frame_001209
-10.429924329272511,124.27974733246812,22.25292022277607,frame_001210
-10.491122244754417,124.32668446299222,22.21016631875081,frame_001211
-10.557229370642087,124.38049074832244,22.168237778278712,frame_001212
-10.631949815231234,124.43888291210568,22.12662876863405,frame_001213
-10.71544523084126,124.50345835034426,22.08467989632524,frame_001214
-10.80578970708729,124.57777073258136,22.04133891332617,frame_001215
-10.908511823893484,124.65853049274084,21.999560894294017,frame_001216
-11.02317035252188,124.74752866259269,21.96182715356327,frame_001217
-11.143223664057404,124.85180959663911,21.93067178277541,frame_001218
-11.271564426753438,124.96513383047603,21.90794467384956,frame_001219
-11.4083485926014,125.08651529550538,21.89204957796115,frame_001220
-11.554035778878864,125.22004870867907,21.87175358473481,frame_001221
-11.711569360897307,125.3629853525122,21.849743934454025,frame_001222
-11.88035026589564,125.513332874061,21.82740526321427,frame_001223
-12.057691861491945,125.66968253321846,21.80578712862085,frame_001224
-12.24339128258263,125.8340450973421,21.785209465008645,frame_001225
-12.437747111534442,126.0070041744144,21.765869640432925,frame_001226
-12.64314485956725,126.18788895060813,21.747820030271324,frame_001227
-12.85877625427337,126.37576028460752,21.731013663134465,frame_001228
-13.082073844512635,126.56941069943474,21.71560761594932,frame_001229
-13.311620779553673,126.76736439002978,21.701836840558048,frame_001230
-13.5465041832733,126.97169920652904,21.68988807808264,frame_001231
-13.786414059239648,127.18200008067892,21.67978202349383,frame_001232
-14.03322877491845,127.393434621394,21.67141883272666,frame_001233
-14.286542614365796,127.60472409191138,21.66439730633554,frame_001234
-14.54483982650143,127.81744575389791,21.65843296055117,frame_001235
-14.803909149662587,128.03428119646682,21.65325112994611,frame_001236
-15.06917645869808,128.25670874634238,21.64868405565536,frame_001237
-15.340170107912964,128.48312347729433,21.6445053786744,frame_001238
-15.61065151306007,128.71285875517887,21.6405750652146,frame_001239
-15.884120653803532,128.94249510218984,21.63676011304105,frame_001240
-16.159801591135672,129.1708376244268,21.633062988532657,frame_001241
-16.4327730539805,129.4008404133731,21.629903137476468,frame_001242
-16.70587255189314,129.6316356099191,21.62700200841783,frame_001243
-16.98012517022253,129.8604309439268,21.62421453770901,frame_001244
-17.253549855050867,130.08635854433672,21.621493014781336,frame_001245
-17.524266981177888,130.30961965205057,21.61870330680664,frame_001246
-17.791207725922664,130.53140160919745,21.6158601123265,frame_001247
-18.051073700033125,130.75405058419753,21.61328735304353,frame_001248
-18.307618464134418,130.97347209032517,21.610868937304595,frame_001249
-18.561429679149832,131.1898547951668,21.608614722687435,frame_001250
-18.811645181902904,131.4057461201692,21.60665093059596,frame_001251
-19.057605689936523,131.6172528196831,21.604508791049145,frame_001252
-19.297947601965188,131.82476480519512,21.60203706981688,frame_001253
-19.52901752293785,132.03103073406248,21.59952176287463,frame_001254
-19.75015300077717,132.23235859543124,21.596907286254343,frame_001255
-19.96390056396351,132.4293395546602,21.594112683801765,frame_001256
-20.174822022033208,132.62492354536133,21.59097182297528,frame_001257
-20.37992328939808,132.81837266132564,21.587382734277835,frame_001258
-20.57890578084772,133.01028308700913,21.583447671950463,frame_001259
-20.772580926535127,133.20468222932303,21.579696199692563,frame_001260
-20.96404425186432,133.39929099854356,21.576070967305,frame_001261
-21.15255025226713,133.5919233682445,21.57254501737188,frame_001262
-21.333381805783617,133.77821649692416,21.56925481929992,frame_001263
-21.51186462845552,133.95762954616163,21.56653656396704,frame_001264
-21.688607295763365,134.1327460072308,21.56405505515741,frame_001265
-21.859501243746944,134.30752201248777,21.561699631869622,frame_001266
-22.02759127998008,134.4822259239911,21.558247360647123,frame_001267
-22.193632431374446,134.65606033346435,21.552612494424096,frame_001268
-22.35767542507505,134.82506491034275,21.54459577648067,frame_001269
-22.51708434897133,134.9891012903645,21.534185089846403,frame_001270
-22.671107984448533,135.15115548042544,21.519717082026247,frame_001271
-22.822334691376213,135.31558614476577,21.50004981998335,frame_001272
-22.97147451282974,135.47924225482933,21.469081961421853,frame_001273
-23.11778766414415,135.64034538664495,21.42302456835026,frame_001274
-23.25736846145279,135.8002414107726,21.359240160589465,frame_001275
-23.39336317240037,135.96027638351447,21.26770208359392,frame_001276
-23.52578130249345,136.1208578105864,21.14918114508545,frame_001277
-23.65295049254119,136.28547632783562,21.00931624052672,frame_001278
-23.776087911795862,136.44842909671442,20.85090073931877,frame_001279
-23.898063387627133,136.61052106592658,20.675899969250835,frame_001280
-24.025115474647947,136.77906496788287,20.485798212951213,frame_001281
-24.15085471511007,136.95111082386606,20.28254644383028,frame_001282
-24.273942230660623,137.12388138414076,20.06911911553265,frame_001283
-24.39782854537064,137.294426680004,19.848393372365976,frame_001284
-24.52596415646373,137.4662374094023,19.62405172873825,frame_001285
-24.657755679791,137.63950717094343,19.400636101668297,frame_001286
-24.78843525406494,137.81322962209725,19.18282162681228,frame_001287
-24.92099379577217,137.98364559336358,18.974642646711583,frame_001288
-25.055893423602747,138.15234483220112,18.78024400255472,frame_001289
-25.18948198451056,138.32643875564224,18.602791138112853,frame_001290
-25.32784592686193,138.50002330822733,18.44446994070799,frame_001291
-25.472050261063767,138.67151615081653,18.307696290290128,frame_001292
-25.618138571140825,138.84138680007266,18.19436000946483,frame_001293
-25.766922306993465,139.00721780839643,18.104097370822863,frame_001294
-25.91975555179439,139.17180650928591,18.03589412720644,frame_001295
-26.07866562224149,139.34333779780482,17.985989256954337,frame_001296
-26.24060774313536,139.51959976281395,17.948841932425644,frame_001297
-26.404826917648016,139.69841904642746,17.920172912638996,frame_001298
-26.571272447488287,139.8773153458626,17.897967299185304,frame_001299
-26.74258023395771,140.0639369144765,17.878081750138755,frame_001300
-26.9195014918982,140.25928999597795,17.859806716541158,frame_001301
-27.099447839267107,140.45773869317924,17.85173239918758,frame_001302
-27.28667997057184,140.66270678308965,17.850292373686397,frame_001303
-27.481344335294875,140.87440060077412,17.85277514516374,frame_001304
-27.681058604164853,141.09383061052452,17.856609996251656,frame_001305
-27.88125780246116,141.3191202108861,17.860593450274916,frame_001306
-28.082094076991627,141.55026942762305,17.86362303995773,frame_001307
-28.288436694359014,141.78915489348714,17.86558393219738,frame_001308
-28.500082797147225,142.03476617404792,17.86717713635396,frame_001309
-28.715075420058657,142.2868969838375,17.868486582391455,frame_001310
-28.927987433364024,142.54212361459287,17.869720587820932,frame_001311
-29.14302881886562,142.79950694007763,17.87086433148971,frame_001312
-29.360939380572937,143.05903941557344,17.871974647975648,frame_001313
-29.58070480521349,143.323742222846,17.873385801464124,frame_001314
-29.802017648690786,143.5899275431848,17.87502038624159,frame_001315
-30.02592391350278,143.85599800002845,17.87678222121873,frame_001316
-30.251913268300783,144.12437105089063,17.878685448756585,frame_001317
-30.481455182481103,144.39457712907694,17.880724198452544,frame_001318
-30.714397509238985,144.66721242195678,17.882898505112856,frame_001319
-30.94896647729051,144.94603601058927,17.885321212716086,frame_001320
-31.18536812665917,145.22823215391472,17.88751021296457,frame_001321
-31.42225217843261,145.51200977110497,17.889181059564315,frame_001322
-31.65962180870677,145.79642972009964,17.890173001357144,frame_001323
-31.900268245986453,146.0814878292452,17.890150912543643,frame_001324
-32.14374455674545,146.3689701493752,17.889030912148453,frame_001325
-32.387820546222244,146.65860413858016,17.88734839265542,frame_001326
-32.63513529838923,146.94998312992908,17.884961744972752,frame_001327
-32.88418257080869,147.24449067495803,17.881978199538796,frame_001328
-33.129180217643665,147.54145172161708,17.879124519908732,frame_001329
-33.374084646998185,147.8400571191039,17.876211263350612,frame_001330
-33.620390676313285,148.14248788171335,17.8726794267025,frame_001331
-33.870433081735655,148.45216351424955,17.86835063843882,frame_001332
-34.121677404243584,148.76485955252207,17.8624600610494,frame_001333
-34.37171977496684,149.07759003793467,17.85385478866155,frame_001334
-34.61802572370958,149.3903591796121,17.841305345706253,frame_001335
-34.8658195271634,149.70410617305737,17.82371500489277,frame_001336
-35.11615098219677,150.02062213074603,17.80005457353225,frame_001337
-35.36602599363392,150.3427228153499,17.769508797712234,frame_001338
-35.61245050541465,150.66664914967882,17.730823897551257,frame_001339
-35.85572881415413,150.99180495982233,17.683471014961565,frame_001340
-36.0994635836545,151.31865984036068,17.62724672580132,frame_001341
-36.34436797420721,151.65030207150454,17.562232299673397,frame_001342
-36.58953863034876,151.9855367508458,17.488699827596545,frame_001343
-36.83391055712123,152.32081021723505,17.40673349992468,frame_001344
-37.077226991823466,152.65900947940307,17.317119880262066,frame_001345
-37.32068607711884,152.99873838237855,17.220828091892827,frame_001346
-37.56403108099332,153.33624200189615,17.118931862264635,frame_001347
-37.80908645125336,153.67420609841196,17.01283650940443,frame_001348
-38.05599481559191,154.0122331668304,16.904461659032656,frame_001349
-38.30176207749427,154.35086398789375,16.795890551757413,frame_001350
-38.546283621903456,154.69063935757458,16.68913898187845,frame_001351
-38.79090972379841,155.03116177642153,16.586162870627355,frame_001352
-39.03553575851021,155.3751169880181,16.488690173504985,frame_001353
-39.28005715774426,155.71599720104965,16.397588818931062,frame_001354
-39.525824206528654,156.05281630242837,16.31360669050512,frame_001355
-39.77273227975808,156.3899371182624,16.236840423922793,frame_001356
-40.01986850294674,156.7279004919035,16.167212082981674,frame_001357
-40.26557450763472,157.0651090372891,16.10440795394467,frame_001358
-40.507315831309725,157.3997515543116,16.047525138675425,frame_001359
-40.7482355255306,157.73383884826418,15.995955679289176,frame_001360
-40.99043889261481,158.06835704996277,15.948952641903857,frame_001361
-41.233669191147605,158.40344034590655,15.905581459928984,frame_001362
-41.474780220295166,158.73553508533945,15.864902132231274,frame_001363
-41.71392413695353,159.06344639654333,15.82604083881366,frame_001364
-41.95455144493566,159.39026258418855,15.788556540460505,frame_001365
-42.19803146656066,159.71370038006424,15.751668096641652,frame_001366
-42.445571849887486,160.0345597622766,15.714541225871455,frame_001367
-42.69676370565519,160.35270239040895,15.676566756641792,frame_001368
-42.946227440676296,160.67074274802155,15.63750611305934,frame_001369
-43.19501855818045,160.98907075875056,15.597169069263895,frame_001370
-43.44917278673293,161.30392736846198,15.555420809914857,frame_001371
-43.706865657791504,161.61537544999732,15.512507412176488,frame_001372
-43.967047360906506,161.92540229618962,15.468382395874208,frame_001373
-44.22931217370085,162.23407079488248,15.42306207276672,frame_001374
-44.49523413899913,162.54419669950207,15.377075219468006,frame_001375
-44.76405633340274,162.8563711587071,15.33058819022023,frame_001376
-45.035731234679545,163.16703632335864,15.283554399106574,frame_001377
-45.30813007014801,163.47814006505692,15.236100002659544,frame_001378
-45.58080592005096,163.78868118018602,15.188459585719263,frame_001379
-45.85644857766865,164.09873095354698,15.140801442106737,frame_001380
-46.13277711329149,164.41231679068068,15.093206637572036,frame_001381
-46.408285302218815,164.72825133505546,15.045704281926437,frame_001382
-46.68211103369018,165.039959734364,14.9981786663071,frame_001383
-46.95409899683776,165.34744199059975,14.950444022394835,frame_001384
-47.22560898309543,165.65069810684025,14.902703240948972,frame_001385
-47.49806100593403,165.94972808376826,14.855289500113722,frame_001386
-47.771965383191365,166.24453193324774,14.807981065167333,frame_001387
-48.04702162925748,166.5351096566696,14.760683867037756,frame_001388
-48.3251588125605,166.82146126755703,14.713323111638957,frame_001389
-48.60622476770228,167.1063396292086,14.666030041163932,frame_001390
-48.88932184446657,167.3895485212603,14.618789828330092,frame_001391
-49.17267629004984,167.671964189409,14.571465448883933,frame_001392
-49.45649412095879,167.95459705444017,14.524161469665676,frame_001393
-49.74107773001412,168.23645346915475,14.476928537282358,frame_001394
-50.0314517009459,168.5164601531715,14.42991319299627,frame_001395
-50.32569016578095,168.79092508908874,14.382821144801136,frame_001396
-50.62274332187855,169.06065325090267,14.335648803691482,frame_001397
-50.9223068448536,169.33094660914313,14.288450682133687,frame_001398
-51.22199521706776,169.60341928514114,14.241843150363016,frame_001399
-51.521652495275845,169.87669525074566,14.196321697976671,frame_001400
-51.8203119441239,170.14815998636524,14.1520103740349,frame_001401
-52.1169053506231,170.42177381077565,14.1093260982623,frame_001402
-52.412625155350845,170.69614813309806,14.068522642779309,frame_001403
-52.70960015960068,170.96437270260247,14.02986989696203,frame_001404
-53.00706959582527,171.23255279149936,13.993400922394084,frame_001405
-53.304272739267546,171.50127201208724,13.958868089595065,frame_001406
-53.60044890384116,171.7657650497138,13.925850380413667,frame_001407
-53.8948373571073,172.02784143478206,13.89413039749708,frame_001408
-54.18758453390744,172.28828602492192,13.863683132682056,frame_001409
-54.48132950643541,172.54703174598893,13.834889919033907,frame_001410
-54.77673157405847,172.80414570446618,13.806997556064772,frame_001411
-55.07364429954846,173.05982915351632,13.779661600086628,frame_001412
-55.36953003648349,173.3144174840998,13.752877260183324,frame_001413
-55.66185113603005,173.56838023825327,13.726998191243377,frame_001414
-55.95195217768337,173.82112123461673,13.702135717282845,frame_001415
-56.24373569021189,174.06888140407645,13.678519775434443,frame_001416
-56.53623490794618,174.31447650430337,13.655747920955758,frame_001417
-56.82929388885259,174.5584977191314,13.632807867679023,frame_001418
-57.12052717071428,174.79738721616232,13.608469068172772,frame_001419
-57.41171167833335,175.03034002535065,13.582868077811831,frame_001420
-57.69962385730807,175.25627189756065,13.556473656475502,frame_001421
-57.98052282481408,175.47861568954215,13.530053141300364,frame_001422
-58.264469734610486,175.70719408790222,13.49815484701998,frame_001423
-58.548142165819925,175.9380198864901,13.460952563150167,frame_001424
-58.82916101691767,176.16240592773266,13.420051317739157,frame_001425
-59.10813803831932,176.38397304749208,13.372226667019603,frame_001426
-59.38433153000968,176.6041174195713,13.316037771013583,frame_001427
-59.65855612643059,176.82008619563695,13.25093320678394,frame_001428
-59.929646612958585,177.0357013163169,13.178143168608008,frame_001429
-60.19656841377348,177.25108101989994,13.097133027428235,frame_001430
-60.460392925976365,177.4634146603403,13.005391561259374,frame_001431
-60.72760782784959,177.68165286498365,12.896521185483008,frame_001432
-60.99474424656452,177.90200208658155,12.772030942810446,frame_001433
-61.25678398013786,178.11913173768014,12.633934561890136,frame_001434
-61.51656894043856,178.33344428695926,12.483918054870458,frame_001435
-61.77454984045566,178.54534219272986,12.323304547656772,frame_001436
-62.030371658081,178.75522789605913,12.153778072323652,frame_001437
-62.28378076236612,178.96625667093105,11.978339855960606,frame_001438
-62.53478666572629,179.17743484691024,11.797746805619513,frame_001439
-62.785116878025285,179.38554420529815,11.611368629167655,frame_001440
-63.0337108239367,179.5911884844104,11.418931770381146,frame_001441
-63.277065365996044,179.79349217684705,11.22252491375384,frame_001442
-63.51392403492124,179.99206028361044,11.02358783028907,frame_001443
-63.753437029760136,180.19463720018533,10.817433274658333,frame_001444
-63.99411142174326,180.3982494006501,10.607965855137511,frame_001445
-64.23181649815506,180.5996353521417,10.397372126462937,frame_001446
-64.48006133762111,180.8122724455404,10.181379235393496,frame_001447
-64.7318834533011,181.0273962374672,9.96526031759285,frame_001448
-64.98106332588303,181.2372699052496,9.754000256518742,frame_001449
-65.23175700770318,181.44551340129587,9.546976616890465,frame_001450
-65.48247918125396,181.65104999303264,9.345991948644471,frame_001451
-65.72817039289981,181.8515450735765,9.155027256315364,frame_001452
-65.98439201941137,182.06007340724807,8.975749015704807,frame_001453
-66.24687262401905,182.27325902074912,8.809446283633068,frame_001454
-66.50891822732537,182.48669839036435,8.654512664659665,frame_001455
-66.7847735840556,182.7118576808296,8.508336353992638,frame_001456
-67.06558392576936,182.93850835881165,8.376372698495707,frame_001457
-67.34365935677556,183.15696028273533,8.262185914600929,frame_001458
-67.63283760232378,183.3796845046392,8.166047014683599,frame_001459
-67.93064061309582,183.6064948460653,8.087935623375252,frame_001460
-68.22953252120848,183.834990152675,8.02686552597874,frame_001461
-68.53701523595409,184.07328406858508,7.982051374683789,frame_001462
-68.84963830307646,184.31775922596887,7.951611820625682,frame_001463
-69.16688512858076,184.56551612579523,7.931492388086556,frame_001464
-69.49260745500551,184.8221863520958,7.920714583569111,frame_001465
-69.82588294720314,185.085533603678,7.917575784930558,frame_001466
-70.16244966844914,185.35635029719225,7.920301338705529,frame_001467
-70.51003718160788,185.64325253020536,7.921714878655989,frame_001468
-70.86687368746915,185.93801053286705,7.924404056841974,frame_001469
-71.22903577734638,186.23768354433352,7.9292481126442,frame_001470
-71.5986508673648,186.5524286863395,7.933616678181306,frame_001471
-71.96978731056424,186.8728212945897,7.938541054517463,frame_001472
-72.33707260865381,187.1889763898505,7.944010832352022,frame_001473
-72.7038503094968,187.5140680375609,7.950092134422904,frame_001474
-73.06497419796045,187.84227014148743,7.956324534461186,frame_001475
-73.41457189436719,188.1660220840954,7.963259572745349,frame_001476
-73.76648070564696,188.50701406260168,7.971149868580194,frame_001477
-74.11267351752046,188.85601847483608,7.980070753757629,frame_001478
-74.44506964189671,189.2049602700445,7.989928763711005,frame_001479
-74.77471694832634,189.55782716035395,8.000301084038751,frame_001480
-75.09504883917485,189.9130862607645,8.01115009110955,frame_001481
-75.39994535529134,190.2664132535852,8.022255695744441,frame_001482
-75.69812334049413,190.626387999486,8.033237204740276,frame_001483
-75.98001964941356,190.9862288535981,8.043860730522985,frame_001484
-76.24087415068779,191.33805197887853,8.054009896608802,frame_001485
-76.4925467949111,191.68386784961132,8.06375728926668,frame_001486
-76.73007766143532,192.02516562791675,8.073182205524699,frame_001487
-76.94985527493208,192.3575556097224,8.082224489416896,frame_001488
-77.15360586987475,192.6787612211879,8.090872728612082,frame_001489
-77.33879499706588,192.9869083373149,8.099096696994966,frame_001490
-77.50437289022928,193.2795870332301,8.106827539291798,frame_001491
-77.6506438313016,193.5578731369933,8.114030313957517,frame_001492
-77.77852073512416,193.81680426734272,8.121087199236548,frame_001493
-77.88861790779728,194.05417930210683,8.128169643151008,frame_001494
-77.97966555424249,194.2724827695986,8.135332599915703,frame_001495
-78.05153754213033,194.4699583872334,8.142406091284876,frame_001496
-78.10500225131307,194.6420253150464,8.149293742690052,frame_001497
-78.14599131182577,194.7972327561596,8.156608925693185,frame_001498
-78.1743478651449,194.93198974533965,8.164020606574256,frame_001499
-78.19134424322834,195.04414800993072,8.171219317859729,frame_001500
-78.20131542561107,195.150470909602,8.178697052341553,frame_001501
-78.2078704234999,195.2489602947047,8.186073257202597,frame_001502
-78.21161403196946,195.33788546993773,8.193041968689654,frame_001503
-78.21153035623188,195.4187901477532,8.199521728158528,frame_001504
-78.20633881101571,195.49546444267344,8.205358461075162,frame_001505
-78.19637503567522,195.57083397041563,8.210360603047944,frame_001506
-78.18640431491207,195.64486273271729,8.214287813768784,frame_001507
-78.17432326347452,195.71664677485745,8.217294562607787,frame_001508
-78.15969256527681,195.78601502881824,8.219534885487445,frame_001509
-78.14512655850444,195.8532702215092,8.221269252240692,frame_001510
-78.12920960095228,195.92444801945905,8.2226815568467,frame_001511
-78.109243007454,196.00215955278543,8.223815698326755,frame_001512
-78.08243879008225,196.0815698722216,8.224572361265356,frame_001513
-78.05108096383431,196.16703763860085,8.225119034598354,frame_001514
-78.01441829485404,196.26056271788627,8.225558332776439,frame_001515
-77.97011919882956,196.35986178641045,8.225934175550549,frame_001516
-77.92092419576984,196.4625174086698,8.226349815019203,frame_001517
-77.8672840058542,196.5691408711919,8.226853929333624,frame_001518
-77.80894504049454,196.68127505576032,8.22736971023071,frame_001519
-77.74377534186496,196.80294737344389,8.227641669207571,frame_001520
-77.67223706565015,196.93256799128923,8.227628924305709,frame_001521
-77.59580101650413,197.0627570841638,8.2273698845792,frame_001522
-77.51603930379882,197.1980401802575,8.226747111110523,frame_001523
-77.43387997282541,197.34174287325663,8.225695689081448,frame_001524
-77.34514220205652,197.4963794252732,8.224356031131636,frame_001525
-77.25514918205548,197.6573673656639,8.222714204726653,frame_001526
-77.16757144588277,197.81940769000792,8.22070752771116,frame_001527
-77.07609622762772,197.9875624892707,8.218497839349586,frame_001528
-76.98631639541334,198.1628036670656,8.21618026017009,frame_001529
-76.9002915976316,198.3453224275078,8.213779283945176,frame_001530
-76.82020288951355,198.53461567983612,8.211311234301306,frame_001531
-76.74602808892658,198.7299790619253,8.208847868697436,frame_001532
-76.67750096125047,198.92952085864968,8.206529761982157,frame_001533
-76.61434387594123,199.1299892701425,8.204524090560842,frame_001534
-76.56233949234954,199.339035873758,8.202971985078902,frame_001535
-76.5224843587375,199.5561525347872,8.201879489236092,frame_001536
-76.49092357369055,199.7767793298292,8.201094139991872,frame_001537
-76.47125661917796,200.0000442276317,8.200787592207904,frame_001538
-76.46480904477204,200.22642016992904,8.200931451439729,frame_001539
-76.46914493910087,200.45798415746967,8.20135119122348,frame_001540
-76.48653130222846,200.6896681833564,8.202006526627628,frame_001541
-76.51646515447817,200.91691905979675,8.202996481657115,frame_001542
-76.55696666181554,201.14523831651027,8.20425403183488,frame_001543
-76.60763015012859,201.37093394733603,8.205339874956696,frame_001544
-76.66844992129552,201.593397191168,8.206059605401832,frame_001545
-76.74140576396675,201.81108099161065,8.206504482712724,frame_001546
-76.82599052197098,202.0251911502637,8.206338003465525,frame_001547
-76.92054583490584,202.23492267184008,8.205438442159016,frame_001548
-77.02213154929649,202.43745976488003,8.20382798336844,frame_001549
-77.13516049485905,202.63094221651377,8.201426236600257,frame_001550
-77.25962696674264,202.8152643747144,8.198187423145466,frame_001551
-77.38835789653164,203.0007177687565,8.19429288104639,frame_001552
-77.52504979788935,203.1830142354248,8.189630321730817,frame_001553
-77.6703702189976,203.3606821765561,8.18413220814785,frame_001554
-77.81944990471791,203.5349290156356,8.177744128505534,frame_001555
-77.9768537948345,203.7069622753325,8.17046911549593,frame_001556
-78.14272831324564,203.87798942724044,8.162414302001329,frame_001557
-78.31438683531415,204.04921790892507,8.15378938520653,frame_001558
-78.49451594705394,204.22292433740648,8.144642729613787,frame_001559
-78.68371467988457,204.40210978821148,8.135134738371503,frame_001560
-78.87903969937007,204.5845538183325,8.125402353175375,frame_001561
-79.08003136907288,204.7734075852146,8.115627959756566,frame_001562
-79.28744088741414,204.96967732081987,8.105947752330875,frame_001563
-79.50177541458051,205.17222432057343,8.096269324105723,frame_001564
-79.72385873827488,205.3806175710112,8.087291555675602,frame_001565
-79.95391528742834,205.5926660039512,8.079374888807227,frame_001566
-80.19376979999672,205.8119895434897,8.072500854890308,frame_001567
-80.44428571710958,206.03664786891488,8.066327946199298,frame_001568
-80.70471753338124,206.2664321791964,8.060895130101597,frame_001569
-80.97313929986736,206.5064415009656,8.056499164105428,frame_001570
-81.25219016839944,206.7487593768425,8.05297550504261,frame_001571
-81.5409668103896,206.9907771511264,8.05038723151431,frame_001572
-81.83647831717911,207.2330968397484,8.049045431909477,frame_001573
-82.14318820800057,207.476320562307,8.048684363940723,frame_001574
-82.46033576931889,207.7200256975979,8.049235599206158,frame_001575
-82.78193605317017,207.96293762276483,8.050750942431804,frame_001576
-83.1094585443675,208.2028468627456,8.052747432981672,frame_001577
-83.44393786122691,208.43624672952865,8.055179534254874,frame_001578
-83.78623489415457,208.66226851979883,8.058216945895117,frame_001579
-84.13365293267886,208.87792371146216,8.061655373864337,frame_001580
-84.47953192756005,209.0796728283649,8.06520109073544,frame_001581
-84.8286085713663,209.2708683254461,8.069505218080426,frame_001582
-85.18296086024071,209.4539276745454,8.074987382613877,frame_001583
-85.54423195466596,209.6284534386,8.08158988027947,frame_001584
-85.9138913075356,209.7952548171777,8.089157027025236,frame_001585
-86.28823487605695,209.95265641489576,8.097158724613598,frame_001586
-86.66665408833389,210.1002758578653,8.105624308320039,frame_001587
-87.05163584799541,210.23885105949887,8.115024136619821,frame_001588
-87.44338292640145,210.3758289475818,8.125280321604059,frame_001589
-87.8428271886602,210.51291006629583,8.136192453141772,frame_001590
-88.25179283032745,210.64613495320208,8.147205734934689,frame_001591
-88.66338394374307,210.7749299776192,8.158162400477408,frame_001592
-89.06806968863694,210.8981705613048,8.168966810456629,frame_001593
-89.47900473016729,211.0216242446677,8.179344230848615,frame_001594
-89.89892640838136,211.14354860879828,8.189340819670662,frame_001595
-90.32858592781312,211.26455998417583,8.198786050662715,frame_001596
-90.76529345565436,211.38955783441125,8.207550897456086,frame_001597
-91.20894441609109,211.51700096249408,8.215287468336566,frame_001598
-91.66058480467731,211.64650702515385,8.221757325800562,frame_001599
-92.11950143885107,211.7786797569775,8.226916521227373,frame_001600
-92.58675805476348,211.91412291826944,8.2304461244616,frame_001601
-93.06233944447362,212.05224031935143,8.232363557564524,frame_001602
-93.54528206901732,212.1891386695084,8.23321135672617,frame_001603
-94.02944882431936,212.32545434072185,8.23268436277739,frame_001604
-94.51166562262812,212.46019112808872,8.230838355008492,frame_001605
-95.00300785518785,212.5963669804887,8.228598685912647,frame_001606
-95.50343551902552,212.7380143387253,8.22647917812587,frame_001607
-96.01079579934984,212.88336221498497,8.224533380099775,frame_001608
-96.52372075896744,213.02596991006527,8.222360925937785,frame_001609
-97.04053799393856,213.17227809478612,8.220117763980962,frame_001610
-97.56169821145028,213.323285447858,8.218167186067245,frame_001611
-98.09136066417447,213.4766458145457,8.217252977486497,frame_001612
-98.62851100609332,213.63645370143263,8.21702097775537,frame_001613
-99.17118660164404,213.80132049259288,8.21736159562274,frame_001614
-99.71634593565646,213.96420171200333,8.218388245533104,frame_001615
-100.26200188376896,214.12902329552423,8.220356087519534,frame_001616
-100.80444024498016,214.29478147679984,8.2235003059268,frame_001617
-101.35914575401164,214.46328682656792,8.227781370826005,frame_001618
-101.92304189017112,214.6373642842293,8.233342727421846,frame_001619
-102.49111553839472,214.8152352742527,8.240249926781557,frame_001620
-103.0607308591308,214.99374859954804,8.248209614145619,frame_001621
-103.6340197589393,215.17344095278025,8.257091945545673,frame_001622
-104.20993622923947,215.355700915418,8.266796450302232,frame_001623
-104.7871660937942,215.54294173439013,8.277240976790308,frame_001624
-105.36708187895437,215.7310018518173,8.288269002581982,frame_001625
-105.9492366631666,215.91986869323688,8.299689489398354,frame_001626
-106.53281897907432,216.111754275373,8.31139325063346,frame_001627
-107.11681460760984,216.302295763402,8.322998406646938,frame_001628
-107.70091356085682,216.4912793378198,8.334289290677454,frame_001629
-108.28709557426666,216.68071579882107,8.345417898674357,frame_001630
-108.8751578042996,216.8698630461358,8.356541863323129,frame_001631
-109.46628695478805,217.05990342021624,8.367578890779011,frame_001632
-110.06332051510677,217.25009488827945,8.37814043378939,frame_001633
-110.66214555408968,217.43969528656584,8.388257747854228,frame_001634
-111.26275825195336,217.62988693120548,8.397891209317558,frame_001635
-111.86622361938828,217.8199277459188,8.407035430580745,frame_001636
-112.4707172195987,218.00907561730625,8.415556278586275,frame_001637
-113.07518926112196,218.197526749754,8.423329482236467,frame_001638
-113.67923406932375,218.38239410653125,8.430270481372935,frame_001639
-114.28523386049906,218.5699842484393,8.436516523361842,frame_001640
-114.89378770204408,218.76009593299932,8.442251012931942,frame_001641
-115.50225663517816,218.9460200943832,8.447660837886986,frame_001642
-116.11206246845556,219.13406328948648,8.452716164782746,frame_001643
-116.72138899066503,219.32402424183653,8.457477928361394,frame_001644
-117.32663683890344,219.50919386311,8.462176503508456,frame_001645
-117.93196513847376,219.69587875088368,8.466808077460692,frame_001646
-118.53735866277152,219.88507758697472,8.471327042216222,frame_001647
-119.13875838466394,220.0745782848729,8.47574048858915,frame_001648
-119.73996534733924,220.2649217514504,8.479955030864453,frame_001649
-120.34232412995875,220.45571055212991,8.483792236264508,frame_001650
-120.94339849685014,220.6496304456445,8.487017175652037,frame_001651
-121.54293497964338,220.84017364426225,8.489827440005312,frame_001652
-122.14003593407016,221.02734013824625,8.49202617734641,frame_001653
-122.73302894848436,221.21763768510613,8.493272453584733,frame_001654
-123.32521243164864,221.4073114406553,8.493468271345666,frame_001655
-123.91823906739472,221.5949652937485,8.49259017139179,frame_001656
-124.51383183875096,221.78348631142063,8.490560263659283,frame_001657
-125.10524835289482,221.96656784892087,8.487481012396149,frame_001658
-125.68931260909014,222.1444111010485,8.483264819050945,frame_001659
-126.26932474828904,222.3237251477248,8.477678281402552,frame_001660
-126.84462553856878,222.50095631219776,8.470838523544492,frame_001661
-127.4162495750818,222.67490971378209,8.46284262710322,frame_001662
-127.98718642651018,222.84867368117685,8.453829019367213,frame_001663
-128.5529713054837,223.02271770119813,8.443889303509316,frame_001664
-129.11119086044295,223.195459427066,8.433248494618507,frame_001665
-129.6597671607172,223.3609947669862,8.422258465943672,frame_001666
-130.2038767664803,223.5264353306513,8.410834333405116,frame_001667
-130.74171866532836,223.69238481186983,8.399202039979007,frame_001668
-131.26583855327493,223.8529390218497,8.387756657072229,frame_001669
-131.78379529910492,224.0152096049643,8.376615475323964,frame_001670
-132.2967851065061,224.18078642391143,8.365667698235335,frame_001671
-132.80135755668047,224.3459103281472,8.354653351961144,frame_001672
-133.29852879169889,224.5133970921568,8.343672429541833,frame_001673
-133.78648261020786,224.68285173869936,8.332635450392004,frame_001674
-134.26202537385743,224.84857141892417,8.321342062530496,frame_001675
-134.72723821562585,225.01404694654963,8.309657708627421,frame_001676
-135.18286091416903,225.1806719676836,8.297323849999085,frame_001677
-135.63000787333067,225.3519372945757,8.283715785014332,frame_001678
-136.0682196005186,225.5221401174752,8.268852524575008,frame_001679
-136.4989985196096,225.69088551605967,8.25274957635379,frame_001680
-136.92289926348064,225.8609892579554,8.235514561613295,frame_001681
-137.33520482390136,226.02869215775192,8.21706576102778,frame_001682
-137.735616594377,226.19558405548315,8.19720011579782,frame_001683
-138.12666890852947,226.36877652509503,8.175524106972846,frame_001684
-138.50841259025432,226.5423655209329,8.152179270370496,frame_001685
-138.88204959805364,226.7147687629769,8.127397629038573,frame_001686
-139.25006366087567,226.8864558629145,8.101388098827645,frame_001687
-139.60677723051467,227.0605149966341,8.074084824002897,frame_001688
-139.949476467733,227.23575121180423,8.045620524634424,frame_001689
-140.27973548724847,227.4086108633556,8.01632192859898,frame_001690
-140.60242344196018,227.58305019379844,7.9861771474788,frame_001691
-140.917835052648,227.7616526817732,7.955573987635271,frame_001692
-141.22023576587847,227.9438773422601,7.925334296802185,frame_001693
-141.51423808486297,228.12918341850605,7.895275820338071,frame_001694
-141.80149656674462,228.31796840291685,7.865297040013537,frame_001695
-142.07779816007476,228.50754643645536,7.835127042153821,frame_001696
-142.3434978627395,228.69785043427908,7.805005579626064,frame_001697
-142.59844923655396,228.88867914000625,7.775123630521784,frame_001698
-142.8404189478789,229.0796971012017,7.74548629818832,frame_001699
-143.07452973789418,229.27425684269429,7.71576813015916,frame_001700
-143.30139016241182,229.47335202382112,7.685974790834525,frame_001701
-143.51709463084492,229.6736930355512,7.6562950412936415,frame_001702
-143.7222041855754,229.87460907377948,7.626667820578763,frame_001703
-143.9161292649689,230.0764950723073,7.59703987726101,frame_001704
-144.10003940783193,230.28290890833387,7.567301484202196,frame_001705
-144.27540861852356,230.4880807392146,7.537338964808984,frame_001706
-144.44330569386238,230.69261432434888,7.507088241710339,frame_001707
-144.60743455864375,230.90348708749457,7.476470478230602,frame_001708
-144.7669344507253,231.11452663506788,7.445733016804481,frame_001709
-144.92212488440708,231.3249481114765,7.414987412917742,frame_001710
-145.07437506230403,231.53918145681808,7.384325833411033,frame_001711
-145.22455026911393,231.7587695725577,7.353712771263019,frame_001712
-145.37145807518573,231.98392122446123,7.323216023313212,frame_001713
-145.51317265785647,232.21141392250365,7.293036634532186,frame_001714
-145.65294163374986,232.4415789390032,7.263408593631213,frame_001715
-145.79091708260378,232.6776035019876,7.234353380484203,frame_001716
-145.92415557701693,232.9237791144659,7.205868950850093,frame_001717
-146.0519979003734,233.17661918844644,7.177841329440859,frame_001718
-146.1739876533607,233.4347275783776,7.150140713043928,frame_001719
-146.28987121304627,233.700722986948,7.1227461633482605,frame_001720
-146.40167911555812,233.9715842493963,7.095842994319028,frame_001721
-146.5085079877783,234.24830499272736,7.069549300112943,frame_001722
-146.60797545550702,234.5339692535932,7.043947242334913,frame_001723
-146.70287279844484,234.8249521695204,7.018577585099378,frame_001724
-146.79289574181544,235.1206575438813,6.993450696587831,frame_001725
-146.8746444974142,235.42142070088948,6.969032253648895,frame_001726
-146.95197394787704,235.7300616819104,6.945018073295539,frame_001727
-147.02412343404598,236.04399698807936,6.921231548365765,frame_001728
-147.08571671818726,236.35699125590628,6.897614381457329,frame_001729
-147.13944026906503,236.67555651040337,6.874143785496496,frame_001730
-147.18724722662654,236.99969027349172,6.850860168934122,frame_001731
-147.22903299770925,237.32899424163148,6.827842010660887,frame_001732
-147.26418908159778,237.6601830788504,6.804835309157348,frame_001733
-147.2924112371253,237.99107578098867,6.781821810833493,frame_001734
-147.3136994512706,238.3223473572367,6.758836464835324,frame_001735
-147.33043911761496,238.6582265256412,6.735935540440069,frame_001736
-147.34127614498928,238.9995106921156,6.713183433509902,frame_001737
-147.3409863236768,239.34566309471364,6.69064163672946,frame_001738
-147.33448960057166,239.6960130126126,6.668338627097994,frame_001739
-147.32283575902977,240.05095541289177,6.646229550359897,frame_001740
-147.30333496664898,240.41404810348672,6.624083003254846,frame_001741
-147.27568299354363,240.78227406388012,6.6021293894159765,frame_001742
-147.23987989759183,241.1526548544307,6.580520378556167,frame_001743
-147.19623003320612,241.5219051488425,6.559220041872443,frame_001744
-147.14742310285246,241.8930461955096,6.538350593074124,frame_001745
-147.09315480639765,242.2668678786655,6.517877491482904,frame_001746
-147.03012675357107,242.6461230091593,6.497647366701784,frame_001747
-146.9603156200019,243.02698964188104,6.47757746189663,frame_001748
-146.88432050423137,243.4078704031388,6.457658286075373,frame_001749
-146.7999080131422,243.79131686399097,6.43815825492066,frame_001750
-146.70723030308514,244.1771277951877,6.418736186500681,frame_001751
-146.60658218290467,244.5639020347344,6.399281862367001,frame_001752
-146.4969462853748,244.9469413122161,6.379912803958035,frame_001753
-146.379690585042,245.329057238682,6.360238143190469,frame_001754
-146.25571268358067,245.7126270487942,6.340187187363875,frame_001755
-146.1255705163541,246.09382037563788,6.319900568373858,frame_001756
-145.9873381779846,246.4741783936724,6.299189847370893,frame_001757
-145.8402701617434,246.85408345743767,6.277994454246665,frame_001758
-145.68467076334366,247.23293183061,6.256482546125843,frame_001759
-145.52322963720542,247.61669470653348,6.234236112477676,frame_001760
-145.35564250324532,248.0049695843288,6.211360522480129,frame_001761
-145.17861115192892,248.3909802795844,6.188191949314176,frame_001762
-144.99411217186966,248.7745255683305,6.165208343334803,frame_001763
-144.80274460845104,249.1563903119878,6.142645815138505,frame_001764
-144.6022750880024,249.5385181593834,6.120604130046387,frame_001765
-144.39285583714732,249.9164121054531,6.099304764133207,frame_001766
-144.17494328503187,250.2898583258596,6.079020727805275,frame_001767
-143.94929809930628,250.6610017650068,6.0601000378541485,frame_001768
-143.71906642289775,251.0321215857162,6.042654118547548,frame_001769
-143.48440039479453,251.4034064577822,6.026719401936138,frame_001770
-143.2424581863011,251.7710301456331,6.012255696706228,frame_001771
-142.99278338729482,252.13405349464867,5.999275594805591,frame_001772
-142.7352238532481,252.49265762447865,5.987765103237392,frame_001773
-142.46993170207702,252.8483166652997,5.977658327389143,frame_001774
-142.19736345835335,253.1961982218656,5.968841656964119,frame_001775
-141.91827985265925,253.5358872524308,5.961031213512918,frame_001776
-141.63374585509692,253.8694616525397,5.953895621866671,frame_001777
-141.3443225795839,254.19269277410888,5.947045909154266,frame_001778
-141.04925879960322,254.50696920934016,5.940183035288755,frame_001779
-140.74794580455602,254.8194695444621,5.933318303687114,frame_001780
-140.44007937323468,255.12737803061697,5.926029435342777,frame_001781
-140.12565954088083,255.42930608907992,5.917957635924432,frame_001782
-139.80499060178332,255.7251195734793,5.908843799684191,frame_001783
-139.47868112966054,256.0149526687247,5.898480088727631,frame_001784
-139.14673682741773,256.2989940446621,5.886847055006863,frame_001785
-138.80697510030626,256.5755624002885,5.87445164879058,frame_001786
-138.45949739971033,256.8432448274414,5.86127324507018,frame_001787
-138.10535347421552,257.10402110248134,5.847248387484588,frame_001788
-137.74667199373616,257.3615120173935,5.832162087496012,frame_001789
-137.3809154579315,257.609343907112,5.816137805512983,frame_001790
-137.00898720572343,257.8479192770033,5.799272205328959,frame_001791
-136.63377654613524,258.0844167737248,5.781682219928639,frame_001792
-136.25558782012774,258.31602064674297,5.763284970983924,frame_001793
-135.87412247147444,258.5413422948441,5.74414241411996,frame_001794
-135.4868935964021,258.7602475038385,5.724347998630307,frame_001795
-135.09369833396087,258.9728704338516,5.703918102273382,frame_001796
-134.6945366740088,259.17961357425526,5.682925155661935,frame_001797
-134.28961145734672,259.3811477423724,5.661516525194637,frame_001798
-133.88140964547404,259.5745901512414,5.639422067664097,frame_001799
-133.46948430779696,259.7605369830751,5.616683386798193,frame_001800
-133.0519094530533,259.9451605697608,5.593435127242378,frame_001801
-132.63193281418015,260.1218861071719,5.569711976228691,frame_001802
-132.20970652869192,260.2909148423088,5.545569802148803,frame_001803
-131.78228713809523,260.45922407470374,5.520978573621787,frame_001804
-131.34693422345487,260.623796749247,5.495983506080548,frame_001805
-130.90499237331082,260.7830430464562,5.470665605387547,frame_001806
-130.46056691023185,260.9366276217007,5.445182511189914,frame_001807
-130.01020736392115,261.0844833404114,5.419401836651884,frame_001808
-129.55315870328363,261.2277975391869,5.393347196202639,frame_001809
-129.08977588015188,261.36918473611684,5.367143087460542,frame_001810
-128.62061688556398,261.5012651101227,5.3405028939003,frame_001811
-128.14644244528395,261.6234349419287,5.313360988808107,frame_001812
-127.6682160196832,261.7418666175237,5.285768986693709,frame_001813
-127.18421469750253,261.8499852320607,5.258025833469869,frame_001814
-126.69534562749678,261.94799204959327,5.230063467595081,frame_001815
-126.20673146847916,262.04286452368746,5.201623239213579,frame_001816
-125.71385806941872,262.1315855749866,5.1726148860523855,frame_001817
-125.21642687302706,262.21256535121984,5.143202870325873,frame_001818
-124.71676946417364,262.2854684639474,5.113825005302099,frame_001819
-124.21244966735478,262.35022781995247,5.083824875834324,frame_001820
-123.7043708243742,262.4070446788239,5.053247967897448,frame_001821
-123.19532093652728,262.4563886448511,5.022455985016664,frame_001822
-122.68540138066268,262.50175050714995,4.991125118379862,frame_001823
-122.17326379135108,262.5427403255729,4.959393133744844,frame_001824
-121.6543939878962,262.5770118145132,4.927785439317812,frame_001825
-121.13421902922816,262.605240084075,4.896104132762954,frame_001826
-120.61409298464416,262.6274301866053,4.864402877679408,frame_001827
-120.09142745761196,262.6469386744436,4.8329777364324125,frame_001828
-119.56581677930082,262.6609497772297,4.80189617539185,frame_001829
-119.0378638355516,262.6680749077518,4.771250655284812,frame_001830
-118.51076552746272,262.66817995601565,4.7410846779915445,frame_001831
-117.980061490621,262.6641518868604,4.711289605884962,frame_001832
-117.44395074767584,262.65499702194165,4.681814490612689,frame_001833
-116.90461595632036,262.63776547247966,4.652688390504373,frame_001834
-116.36017878568532,262.6125284774163,4.624118680701162,frame_001835
-115.81199902065694,262.5786873516622,4.596125497623181,frame_001836
-115.26321962855128,262.5389950125864,4.568778026510057,frame_001837
-114.71419566549002,262.4900319723708,4.541969691052577,frame_001838
-114.16538357091704,262.4310058353497,4.515675529804567,frame_001839
-113.6173411426606,262.3656757218424,4.489637484960565,frame_001840
-113.06783821912012,262.2943811996598,4.46380273719424,frame_001841
-112.5164278999496,262.2157261179387,4.438226511269607,frame_001842
-111.9659013861588,262.1285030440924,4.413024864596595,frame_001843
-111.41209952772682,262.0291540746684,4.387832973433947,frame_001844
-110.85503750885748,261.9196589654314,4.362602379040501,frame_001845
-110.29877427739385,261.8057834408998,4.337981906792683,frame_001846
-109.744479495076,261.683433019222,4.313597602782049,frame_001847
-109.19096076482846,261.5510128144766,4.289340658336241,frame_001848
-108.6359879701814,261.40523325573696,4.265498103644051,frame_001849
-108.083008322765,261.2524009401492,4.241841215914244,frame_001850
-107.53368587621976,261.0927171342002,4.218462787457114,frame_001851
-106.98644666634314,260.92027775504914,4.195682683045972,frame_001852
-106.44169635735958,260.7387748326679,4.173355461355319,frame_001853
-105.89899370884108,260.54999190314714,4.151402319041531,frame_001854
-105.35691995706932,260.35607389278806,4.129751639886184,frame_001855
-104.81674300083888,260.1531275293696,4.109011311444524,frame_001856
-104.28027335738756,259.93975920646074,4.089279744768561,frame_001857
-103.74999480788118,259.7128806778121,4.070485599848242,frame_001858
-103.22331892697471,259.4789996929344,4.052517124997701,frame_001859
-102.7008542770182,259.2385187530685,4.035332422336941,frame_001860
-102.1864064155635,258.98573512550473,4.018687090936649,frame_001861
-101.67662751087757,258.72454202733786,4.002570338427435,frame_001862
-101.17197968291757,258.45593814354106,3.986973580449462,frame_001863
-100.67514951712629,258.18012474821734,3.972030458732261,frame_001864
-100.18365010044504,257.89770554804545,3.957658406839085,frame_001865
-99.69718285605894,257.6084868437946,3.943722686203421,frame_001866
-99.21605211376192,257.30938035439647,3.930261317808192,frame_001867
-98.7402578420832,257.0030718768125,3.917073836359998,frame_001868
-98.2711484085541,256.68956646493814,3.903989523308355,frame_001869
-97.8131365714618,256.3702100149234,3.8908344970542377,frame_001870
-97.36140070014667,256.0429288054424,3.8773912894373175,frame_001871
-96.91563845086188,255.70515193098225,3.863313576899835,frame_001872
-96.4754409340357,255.3574873242437,3.848239775591,frame_001873
-96.04009491468943,255.00463322111835,3.8322697950050912,frame_001874
-95.61019944679856,254.64719336387893,3.815445187093794,frame_001875
-95.18621100385884,254.28167697390452,3.798003934421132,frame_001876
-94.76828168633315,253.91143647843228,3.779692481026715,frame_001877
-94.3555138185654,253.5388541100837,3.760497794072085,frame_001878
-93.9458293833207,253.1635902297524,3.74066928451955,frame_001879
-93.54460482946112,252.7780638011432,3.7205200634368425,frame_001880
-93.15289947401976,252.38048374762857,3.700130599094499,frame_001881
-92.76904096504452,251.9746762488664,3.6790463880407054,frame_001882
-92.39105266459823,251.5647357939389,3.657085659493411,frame_001883
-92.01759002022136,251.1496762585145,3.634284210844693,frame_001884
-91.64926484610228,250.7232581855629,3.610953622823428,frame_001885
-91.28917253427548,250.2925260444833,3.587153438313574,frame_001886
-90.93777330532888,249.85828481894592,3.5629658512093965,frame_001887
-90.59593253749884,249.4151000471192,3.538472198219444,frame_001888
-90.2621300198263,248.9669991303092,3.513813421227879,frame_001889
-89.9362231071589,248.5149807440911,3.489037484599333,frame_001890
-89.6209015636491,248.05911200874755,3.4640192791828235,frame_001891
-89.31646967276217,247.59972833755268,3.438724439089458,frame_001892
-89.02218194100548,247.13623353005767,3.4131501447348644,frame_001893
-88.73611253437616,246.66500262354188,3.3873361440237373,frame_001894
-88.45592982236273,246.1891196745042,3.361328482525355,frame_001895
-88.1814854548604,245.7095783282456,3.335161467103739,frame_001896
-87.91785471246465,245.2233574488786,3.308804095594259,frame_001897
-87.66275666844523,244.73414482332265,3.2825015742269112,frame_001898
-87.41454245089638,244.2435378134172,3.256357931350617,frame_001899
-87.17351954601997,243.74911896505324,3.230253988327629,frame_001900
-86.94039792119125,243.25411073383108,3.204134350598729,frame_001901
-86.71548187468768,242.75772071687305,3.1780031379837865,frame_001902
-86.4986700114741,242.2570660632009,3.1519744840981674,frame_001903
-86.29234467820747,241.7493981266945,3.1258985864943427,frame_001904
-86.09605514562737,241.235313092681,3.0997523334174324,frame_001905
-85.90493212312576,240.72084910735828,3.073617369612966,frame_001906
-85.72354058912362,240.20298504224272,3.0469756733193023,frame_001907
-85.55277248523686,239.6819171247761,3.0197414628024783,frame_001908
-85.39156281734529,239.15703740838632,2.9920158066357896,frame_001909
-85.23935055850457,238.6278721231789,2.963737984436201,frame_001910
-85.0967252439665,238.09600607373773,2.9352121705665923,frame_001911
-84.96251727676797,237.5612337917605,2.906838222078818,frame_001912
-84.83525275902987,237.0234839719184,2.878998987816148,frame_001913
-84.71551551462358,236.4847439079653,2.85206835279756,frame_001914
-84.60462285142961,235.94521065802405,2.8263151068083348,frame_001915
-84.50079979803503,235.4013934113824,2.802181896749587,frame_001916
-84.40206848996883,234.85309843626368,2.7799370311106264,frame_001917
-84.30624819217465,234.3013319303365,2.759727942894398,frame_001918
-84.21592596242886,233.7471001385848,2.7419214007123376,frame_001919
-84.1303201496554,233.1914092745056,2.726689009321808,frame_001920
-84.0469964459099,232.63526553739487,2.714066991867924,frame_001921
-83.96560174518844,232.07967515945413,2.703833676093098,frame_001922
-83.88413726420679,231.5246582478636,2.695845614066499,frame_001923
-83.80067459920775,230.9690760710505,2.689951178755804,frame_001924
-83.71140695397294,230.4154776902384,2.686399546928908,frame_001925
-83.61509244304332,229.86507811862532,2.6850367433874927,frame_001926
-83.51172982917466,229.31566114960503,2.6855588022761614,frame_001927
-83.39873263145591,228.7713170962972,2.6872981838719827,frame_001928
-83.27381867810517,228.2338571593444,2.6898521079491857,frame_001929
-83.13501010894021,227.70281343123327,2.692940822096426,frame_001930
-82.98560401770358,227.17744974712048,2.695984611184907,frame_001931
-82.82438324581187,226.6589861666756,2.698426093061137,frame_001932
-82.64561635893624,226.1525233718368,2.700071957748872,frame_001933
-82.4509281435227,225.6563189227968,2.701085272745904,frame_001934
-82.24001810113661,225.17157274709623,2.701403513073749,frame_001935
-82.01370075678467,224.7045243053082,2.7011649909734223,frame_001936
-81.7731965096137,224.24812917272288,2.7003870017503786,frame_001937
-81.5194220442895,223.80059627511147,2.69903997869523,frame_001938
-81.25603066904458,223.36521518256265,2.6971434998305703,frame_001939
-80.98221225862062,222.93843222134092,2.694757796934381,frame_001940
-80.69769296035345,222.519636105828,2.691895549627098,frame_001941
-80.40247399194438,222.11325508462969,2.6884668639722773,frame_001942
-80.10183162340023,221.7142555535877,2.684603261830487,frame_001943
-79.79804803053003,221.32063262555508,2.680392857767272,frame_001944
-79.49041132068474,220.93131298345256,2.6758125306427982,frame_001945
-79.18059506103663,220.54770788191587,2.670855680838936,frame_001946
-78.86966999447002,220.1668112251928,2.665553724583297,frame_001947
-78.55651855588387,219.78312395873195,2.660025011424377,frame_001948
-78.23941769204298,219.3985226653609,2.654671904988385,frame_001949
-77.91852903820683,219.01457706106663,2.649561031057756,frame_001950
-77.59735379095133,218.63289548906417,2.644247139628248,frame_001951
-77.27462540339116,218.2485113551678,2.6388764369447566,frame_001952
-76.95080032639136,217.85962099841635,2.6334784022749544,frame_001953
-76.6280580265122,217.46548653323785,2.6282538475818207,frame_001954
-76.30381009676552,217.071810738694,2.623057937277545,frame_001955
-75.97715507928687,216.6789885519476,2.6178497244176144,frame_001956
-75.64570751561334,216.28420418817683,2.612524009786555,frame_001957
-75.31205256546214,215.8884638871357,2.607574929159675,frame_001958
-74.97783906567554,215.49375999134605,2.6032010784136204,frame_001959
-74.64245524509641,215.10324366968703,2.599239302435561,frame_001960
-74.30539085446549,214.7098033962298,2.5958427334440457,frame_001961
-73.966946392096,214.31184933126835,2.593104959596433,frame_001962
-73.62519276195893,213.9131405554193,2.591028441891647,frame_001963
-73.28028209784935,213.5146832981916,2.5896234463337944,frame_001964
-72.9323665244392,213.11846989315944,2.588893732701587,frame_001965
-72.58159815583122,212.7276515143843,2.5888176771919147,frame_001966
-72.2310186683199,212.3351166658948,2.589671929027056,frame_001967
-71.88198786439689,211.93927552343047,2.591385645257285,frame_001968
-71.5327287949262,211.5438871771589,2.593724634582707,frame_001969
-71.18978929055703,211.1568401091361,2.596352971133337,frame_001970
-70.84317834839412,210.76659216086628,2.5992501737213742,frame_001971
-70.49124811283379,210.36750068504432,2.6023656220697218,frame_001972
-70.1394024667282,209.96813689954053,2.606007271265852,frame_001973
-69.78930640676721,209.5717918204843,2.610013680906204,frame_001974
-69.44126421859535,209.1792704499805,2.6138847563619643,frame_001975
-69.09558022149564,208.78755578459004,2.61756161326497,frame_001976
-68.75181320568969,208.39585541595733,2.6210418872946755,frame_001977
-68.40864582448945,208.0075259473169,2.6241985252109115,frame_001978
-68.06674054011734,207.62317113047263,2.62665917476465,frame_001979
-67.72594902066197,207.24219477657152,2.6283009335978136,frame_001980
-67.38835250622297,206.8607036399671,2.629155896958113,frame_001981
-67.06019452347086,206.4881273767892,2.6296799249946776,frame_001982
-66.7343015078481,206.12070011489465,2.629876836728376,frame_001983
-66.40751079309062,205.75476376947395,2.629720106286099,frame_001984
-66.07561565497551,205.38361346026625,2.629422010166771,frame_001985
-65.74096038950756,205.0065909615737,2.629076614536861,frame_001986
-65.40653332360482,204.6271870712469,2.6288166409713964,frame_001987
-65.07233444896421,204.24613968445564,2.6288189839027565,frame_001988
-64.73836376150327,203.86418670738732,2.628897025524385,frame_001989
-64.40462125436885,203.48206604299585,2.628988576805813,frame_001990
-64.07110695730924,203.0966936035654,2.629021160318755,frame_001991
-63.73782087773128,202.7072098962876,2.629179560198745,frame_001992
-63.40476299428852,202.3159183519988,2.629283480126185,frame_001993
-63.071933317387376,201.9212106755393,2.6295513732412408,frame_001994
-62.73869156699064,201.52491945594417,2.6298315346176904,frame_001995
-62.398610659945255,201.1208510816255,2.630394568148826,frame_001996
-62.0616137759327,200.71936413120864,2.631401650172469,frame_001997
-61.72350950352262,200.32009654680272,2.6326007539795406,frame_001998
-61.38080567747048,199.92176138817464,2.6335439631748776,frame_001999
-61.04556962783281,199.535703134104,2.6342444282566904,frame_002000
-60.70995472269948,199.1552504248029,2.6348445020863114,frame_002001
-60.37017732591173,198.77975504677744,2.6355347934268223,frame_002002
-60.02861974143733,198.4119003040843,2.6361028416741905,frame_002003
-59.68608386041508,198.0568540383609,2.6361106451407808,frame_002004
-59.34108183206215,197.7153667081044,2.635770266475265,frame_002005
-58.99518455676986,197.3856958649596,2.6353497129161085,frame_002006
-58.642473616359794,197.06940572833275,2.6348164850061964,frame_002007
-58.2756138409367,196.7572003680152,2.6340306819187624,frame_002008
-57.90257187724455,196.44878342502827,2.6332401412434803,frame_002009
-57.52527359328761,196.14697067885453,2.632458387416448,frame_002010
-57.1441659015202,195.8531507308899,2.63165162884568,frame_002011
-56.75676187821573,195.567457726458,2.630770293829394,frame_002012
-56.36285864972441,195.2925103838301,2.6294992617421897,frame_002013
-55.96320173855514,195.0265100814196,2.627671503898502,frame_002014
-55.55961563971467,194.76516526784155,2.6253281213177817,frame_002015
-55.15133963474285,194.50773802825893,2.622782493699349,frame_002016
-54.737917297485325,194.25322212895503,2.6201586670742976,frame_002017
-54.31919649426159,194.00034301737867,2.6173629193949406,frame_002018
-53.89532935199477,193.7513798078962,2.6142455961338045,frame_002019
-53.46586514441105,193.5061186742833,2.6108344803999217,frame_002020
-53.02816483638232,193.25992842078347,2.6074575674008105,frame_002021
-52.58395462205365,193.01448443894787,2.6037947941449264,frame_002022
-52.13361437285993,192.7713690284112,2.5998610125961736,frame_002023
-51.68040707344223,192.5343413117748,2.595963717290328,frame_002024
-51.22454210296144,192.30080772981725,2.592224985549957,frame_002025
-50.75430679575661,192.06188319449564,2.5887414037001983,frame_002026
-50.27668101932256,191.8264301214909,2.585389798572591,frame_002027
-49.793745994688514,191.59229939133604,2.58208929029346,frame_002028
-49.30475050359868,191.3602909510612,2.578927059069384,frame_002029
-48.80756579576766,191.13013225819148,2.576303075543336,frame_002030
-48.29516437884653,190.90210480750383,2.574136088480983,frame_002031
-47.76848288887008,190.67650355709367,2.572441303011163,frame_002032
-47.25264416452143,190.4563337132034,2.5712222386566954,frame_002033
-46.73280240262245,190.239694468061,2.5704675432322714,frame_002034
-46.20397392405358,190.0257720066814,2.5702072200210724,frame_002035
-45.668896060939765,189.8145663483908,2.570363347944741,frame_002036
-45.127720956390505,189.6060774932567,2.571035011391575,frame_002037
-44.580159547890695,189.39811941092708,2.572260426571162,frame_002038
-44.02535099216596,189.1840501544736,2.57405152647476,frame_002039
-43.46471843772514,188.9701091764157,2.576632070578781,frame_002040
-42.89827138306736,188.75808001702657,2.579991217333798,frame_002041
-42.32606054622866,188.5475601924468,2.583938692094709,frame_002042
-41.748339503871385,188.33814721762988,2.5883589757506447,frame_002043
-41.16481918762936,188.1284524990123,2.5932394350986336,frame_002044
-40.57453729473842,187.91592859940351,2.5985963395336213,frame_002045
-39.98160361227113,187.7044688164834,2.604032626252195,frame_002046
-39.386185497023575,187.49466934528425,2.6094585732710947,frame_002047
-38.784377277015246,187.28592642791128,2.614870363692936,frame_002048
-38.18013344334929,187.07763635508488,2.620125610184146,frame_002049
-37.57572665520651,186.8691953924768,2.625583321381845,frame_002050
-36.97029286074479,186.65999978400305,2.631668245441047,frame_002051
-36.36504922831939,186.4466929201986,2.638580123029943,frame_002052
-35.759560230957106,186.2312671063682,2.647170512909611,frame_002053
-35.15002158091765,186.021236302834,2.658450054416028,frame_002054
-34.542367564119566,185.8138518629389,2.6722102142333863,frame_002055
-33.94143162491386,185.6074377944093,2.68910943604899,frame_002056
-33.35662610359012,185.40261819478465,2.7100752848869587,frame_002057
-32.782168235464525,185.20179391275087,2.735895772232652,frame_002058
-32.198382929308124,184.997564641109,2.767184124264092,frame_002059
-31.62067448145546,184.79110983973283,2.804196802324508,frame_002060
-31.047928430562667,184.58316738546552,2.8474864466862835,frame_002061
-30.47895804622468,184.37532710832656,2.897183811005037,frame_002062
-29.912243145827123,184.17020352825503,2.952946221943078,frame_002063
-29.35381942395888,183.96765830950028,3.0149057272071627,frame_002064
-28.804599745227726,183.7684914076887,3.0830499640930817,frame_002065
-28.26037416147637,183.57041951803487,3.1569139102563777,frame_002066
-27.721599099668467,183.3765309213868,3.2365210511046234,frame_002067
-27.18842671054798,183.1856307125795,3.322157653216842,frame_002068
-26.660704860949373,182.99416521038788,3.414435034141123,frame_002069
-26.14086658528794,182.80609062112413,3.5118705527342544,frame_002070
-25.62935880676554,182.6230043506274,3.613843131288753,frame_002071
-25.123187462772044,182.44222058849488,3.720526555039508,frame_002072
-24.621943669663224,182.26367228237865,3.830918731342488,frame_002073
-24.12653079069116,182.0871582069297,3.9443919639567255,frame_002074
-23.637709551244264,181.9123429550303,4.060892229743013,frame_002075
-23.15593639435548,181.7387570119785,4.178346949730591,frame_002076
-22.68136346667233,181.56699659445144,4.295762322472285,frame_002077
-22.2138386099392,181.4008208157794,4.412609117645507,frame_002078
-21.755794881956533,181.23741393091328,4.52857659514493,frame_002079
-21.3076792157608,181.0739987310289,4.644364170299584,frame_002080
-20.866497536797144,180.90749107150603,4.761508997744223,frame_002081
-20.431032666462627,180.7449353444808,4.881295777771215,frame_002082
-20.000670315658905,180.58772010537052,5.005002196626565,frame_002083
-19.57698455934188,180.43175082121792,5.133644126497041,frame_002084
-19.157184166142784,180.2793736081251,5.26955261941871,frame_002085
-18.7406662575912,180.1317757773019,5.413986058292387,frame_002086
-18.327430832132706,179.98915854483135,5.56796147270738,frame_002087
-17.920063090049382,179.8479011615382,5.731916119388958,frame_002088
-17.519162107891848,179.7056213903582,5.905620073295404,frame_002089
-17.12188594836666,179.56292716113586,6.088764100933442,frame_002090
-16.73005907241555,179.42411425472827,6.280496077523692,frame_002091
-16.344426991988076,179.28898144529106,6.480137998634406,frame_002092
-15.96478686308274,179.1528305039359,6.687039363174706,frame_002093
-15.590732970853868,179.01465105210227,6.899747357170467,frame_002094
-15.220911229535096,178.8764228826935,7.11671692359771,frame_002095
-14.852888591899926,178.7413642640841,7.33711379010103,frame_002096
-14.48889842045188,178.6088715345449,7.558358117401241,frame_002097
-14.129385746403438,178.47735492146228,7.778087904744061,frame_002098
-13.776178214262002,178.34406580441183,7.994449116809656,frame_002099
-13.426839611460837,178.21269626171392,8.205046591846683,frame_002100
-13.081969011916526,178.08265518273924,8.408173819364043,frame_002101
-12.74374588833272,177.95099264299716,8.603969303457367,frame_002102
-12.409277588524237,177.8211994192504,8.791978576740792,frame_002103
-12.07796123961561,177.6924831045018,8.972231831035376,frame_002104
-11.749898271958433,177.5616925055465,9.145598541046295,frame_002105
-11.427068449706091,177.43593908067186,9.314003902886084,frame_002106
-11.108111976173824,177.3158265350308,9.478474567844392,frame_002107
-10.789784377023103,177.1954508035431,9.639780447619556,frame_002108
-10.471527785176162,177.07534849468874,9.799493149676357,frame_002109
-10.153488636028047,176.9569081657961,9.958860712793411,frame_002110
-9.83810314183192,176.84254308241063,10.118100948424727,frame_002111
-9.52562488159574,176.72809166100097,10.277107283814784,frame_002112
-9.216206000636657,176.61354132297254,10.435882526645567,frame_002113
-8.909897212848689,176.50110409005583,10.594410398662376,frame_002114
-8.606647801229173,176.390239129252,10.7522435673172,frame_002115
-8.306305619629914,176.28233001495587,10.908909851155672,frame_002116
-8.008617097184063,176.17683590465973,11.064136474751866,frame_002117
-7.713227231929557,176.06939393507852,11.219047683741229,frame_002118
-7.41967958922941,175.96000409249226,11.374112434637098,frame_002119
-7.1274163004170425,175.85302921833943,11.529001108414745,frame_002120
-6.8386675527607945,175.74901014561792,11.68426583737981,frame_002121
-6.553880273756956,175.64536338934772,11.83982310576594,frame_002122
-6.27026324852367,175.5381328072641,11.995320568539196,frame_002123
-5.987005034948321,175.43087203787255,12.151443955827745,frame_002124
-5.703354418323968,175.32576208073107,12.30806138773942,frame_002125
-5.420075295507562,175.22185961036175,12.464761165882347,frame_002126
-5.137830127181503,175.11822132664878,12.620173915304274,frame_002127
-4.856470572244139,175.01484222862308,12.773175555153006,frame_002128
-4.578077843982084,174.90863404862566,12.923449672334558,frame_002129
-4.3005707289392765,174.80570205962147,13.071244314606083,frame_002130
-4.024097567179648,174.70564378245842,13.216122880610325,frame_002131
-3.747995900941373,174.6015489868042,13.356835046642338,frame_002132
-3.471501834771822,174.49677005179066,13.494645699676273,frame_002133
-3.196112087560108,174.39350055080817,13.62960371291988,frame_002134
-2.924259701862572,174.29294796613885,13.76131882753281,frame_002135
-2.653407037609417,174.19525063128157,13.890561097362832,frame_002136
-2.384153163832755,174.09862251164725,14.016671953206467,frame_002137
-2.118778976451606,174.00320200389112,14.138211216176376,frame_002138
-1.8545946904177004,173.9063746375685,14.25363181823656,frame_002139
-1.5920472303778832,173.80775051990048,14.362168407936087,frame_002140
-1.3332653481222232,173.71108875394464,14.463500838941473,frame_002141
-1.0754071120433353,173.61357359890192,14.556999469229638,frame_002142
-0.8187673016654086,173.51461386572004,14.64376358205394,frame_002143
-0.5653225251012586,173.41776736404964,14.72522766683001,frame_002144
-0.3120787073125493,173.32659187188128,14.804002110164957,frame_002145
-0.0591784831146325,173.2392962875256,14.880751679637957,frame_002146
0.19155368140997,173.1485678721105,14.955015265871308,frame_002147
0.4432640087033073,173.0573565412477,15.027009301499692,frame_002148
0.6967075168778948,172.96745338019542,15.096643618200911,frame_002149
0.9518334912183488,172.8796633943999,15.163008500058728,frame_002150
1.2037219576371734,172.79372245512332,15.225828242696185,frame_002151
1.4523729170767656,172.7074420264234,15.2848831899649,frame_002152
1.702706344473786,172.62055798197875,15.339926747307128,frame_002153
1.9547729550451165,172.53387528602974,15.391551822436888,frame_002154
2.207817731300433,172.4479850805957,15.440319326757274,frame_002155
2.458694450331191,172.36134028581566,15.48646977391129,frame_002156
2.7071463715042525,172.2723938063394,15.530765984386043,frame_002157
2.954371633598896,172.18173679000043,15.573596454937103,frame_002158
3.2001134929397104,172.09017423800012,15.61429218722224,frame_002159
3.446196412315748,172.00126399007652,15.653142252536243,frame_002160
3.6920175204184735,171.91321496982638,15.68987232555296,frame_002161
3.9329611379585714,171.81871446999162,15.72286891956491,frame_002162
4.1742515256370165,171.720712417016,15.751997407502566,frame_002163
4.416938479186452,171.6219859965372,15.77722160121914,frame_002164
4.658027919815341,171.52548511548866,15.7989827591597,frame_002165
4.899496461817237,171.42771901203932,15.81712144902487,frame_002166
5.140893377632904,171.32849396815294,15.832312515632738,frame_002167
5.377755127183778,171.22881613237874,15.847312859231796,frame_002168
5.615458112049614,171.13244459416237,15.862412988053268,frame_002169
5.854458767195084,171.0377895192345,15.877488734122648,frame_002170
6.0902935600905845,170.93773944929168,15.890744520088978,frame_002171
6.328338891528008,170.8381984216899,15.902157798712503,frame_002172
6.569051195717145,170.73976262964766,15.91156760876836,frame_002173
6.807966937913583,170.63981756650554,15.918674851235286,frame_002174
7.045491832228221,170.54232357128043,15.923474656900757,frame_002175
7.282837329356584,170.44687815118826,15.926093995315828,frame_002176
7.523606087114838,170.34871598737104,15.926607510609404,frame_002177
7.764348866237095,170.24689372717103,15.925466502531402,frame_002178
8.005527804124455,170.14359236011123,15.922944220099016,frame_002179
8.249930944288947,170.0423655389783,15.919304204138069,frame_002180
8.495274220554201,169.93925711288472,15.914602555827306,frame_002181
8.742470501624341,169.83266969232983,15.909085173719811,frame_002182
8.995629588952758,169.72528905845988,15.903066728795586,frame_002183
9.253789169347328,169.6171822900875,15.896661993817448,frame_002184
9.515914661520764,169.50735070017743,15.890134073331932,frame_002185
9.78063803632803,169.3916326976483,15.88368974376504,frame_002186
10.052065925539296,169.27244154746842,15.877559424950697,frame_002187
10.332318842509974,169.1511658393271,15.871975621510254,frame_002188
10.620076299531782,169.02834221909637,15.867254459604572,frame_002189
10.913713522117234,168.9008195090109,15.863787487833862,frame_002190
11.213692651309172,168.76780531216005,15.861424174638955,frame_002191
11.52097726631733,168.63279039950345,15.860102433688947,frame_002192
11.839014707114115,168.4966468386009,15.859862869631314,frame_002193
12.169164766744522,168.36016706465972,15.859632029040675,frame_002194
12.509244807810587,168.2221394444148,15.858224263654847,frame_002195
12.861637168895044,168.08148650583513,15.854708915647322,frame_002196
13.22589112929074,167.93820326961375,15.847103743807468,frame_002197
13.597137440565811,167.78933568144956,15.832922640476866,frame_002198
13.97994106255203,167.64125735735092,15.812153668315442,frame_002199
14.37444844169454,167.49396833401315,15.783421034177715,frame_002200
14.777972977226792,167.34109504300113,15.745118072864528,frame_002201
15.190311806354504,167.18559162680333,15.696162059815348,frame_002202
15.61176351610322,167.02844923810372,15.63586945291978,frame_002203
16.044713604609736,166.8728903260118,15.564040211283755,frame_002204
16.48627260682096,166.71307791170202,15.48159281812311,frame_002205
16.934928592703557,166.54861707316198,15.387635418371993,frame_002206
17.392002047741446,166.382457762952,15.28103128245544,frame_002207
17.856427973088696,166.21110920480118,15.16203948724287,frame_002208
18.32609156438753,166.03536382288115,15.02965955075472,frame_002209
18.79769762075488,165.85837280618122,14.882661053147029,frame_002210
19.27540540504553,165.67959952555023,14.720524240538538,frame_002211
19.759057074604147,165.49864149010062,14.543189011161669,frame_002212
20.245763155189103,165.3152303673982,14.350475526196826,frame_002213
20.737300559975093,165.12923189314247,14.146597462838493,frame_002214
21.232912370735185,164.94064603404777,13.932715865521434,frame_002215
21.73234818707253,164.7496069696978,13.708002802816877,frame_002216
22.235963028173668,164.553630157769,13.472476938997453,frame_002217
22.743909029525987,164.3545141808447,13.228031185654237,frame_002218
23.25613545518112,164.1564163877473,12.976473483172166,frame_002219
23.770307528656627,163.95598436331656,12.717612223884467,frame_002220
24.28702432188044,163.7522244308674,12.452684266926564,frame_002221
24.808363870490588,163.54842609646605,12.182681488501771,frame_002222
25.33620134418824,163.34526009884036,11.910854125667084,frame_002223
25.87052722803738,163.1423314363282,11.639457169296527,frame_002224
26.407992445956864,162.93608224069564,11.368938115272492,frame_002225
26.947934516323645,162.72952945718052,11.101276136835306,frame_002226
27.491850149396203,162.52346541922373,10.839454795307878,frame_002227
28.042070957596508,162.31453343758483,10.587316943031086,frame_002228
28.595856438076773,162.10212978696208,10.343957486787671,frame_002229
29.15350137174596,161.88783679053398,10.108269038592892,frame_002230
29.716880936391163,161.67769273975648,9.877089632158416,frame_002231
30.282798222112184,161.46485446324985,9.649370688442556,frame_002232
30.85034607410716,161.24813462923584,9.424374173726804,frame_002233
31.419321625583983,161.0318290367295,9.200218374999238,frame_002234
31.994289865806063,160.81379277785226,8.976464881556469,frame_002235
32.57479436913927,160.59303977653963,8.751988203848756,frame_002236
33.15535729727258,160.36957004867585,8.525223463154118,frame_002237
33.73815810502995,160.143383512951,8.299755273096213,frame_002238
34.3234915687487,159.91546627978306,8.075390541691355,frame_002239
34.90831290151482,159.6879633994,7.8474720206561726,frame_002240
35.49434516837138,159.45657911736342,7.616258251363957,frame_002241
36.08307938490207,159.22151465726444,7.382912401130904,frame_002242
36.67603570248527,158.98746820866285,7.149921044597246,frame_002243
37.26768239646904,158.75269733177467,6.915595454595082,frame_002244
37.85892282199178,158.51760452109482,6.68004928376026,frame_002245
38.45564052621956,158.28473719285503,6.445185647268283,frame_002246
39.057940127801686,158.05020204877297,6.21260326200773,frame_002247
39.66356416335032,157.8143889514742,5.983901662649761,frame_002248
40.269217399969854,157.58004653590902,5.760105341425316,frame_002249
